:020000040800F2
:10000000B8050020450100089F2500089725000835
:100010009B25000839080008392800080000000066
:10002000000000000000000000000000CD250008D6
:100030003D08000800000000A1250008CF250008A9
:100040005F0100085F0100085F0100085F01000810
:100050005F0100085F010008410800085F01000817
:100060005F01000855080008690800085F010008E2
:100070005F0100085F0100085F0100085F010008E0
:100080005F0100085F0100085F0100085F010008D0
:100090005F0100085F0100085F0100085F010008C0
:1000A0005F0100085F0100085F0100085F010008B0
:1000B0005F0100085F0100085F0100085F010008A0
:1000C0005F0100085F0100085F0100085F01000890
:1000D0005F010008292800085F0100085F0100088F
:1000E0005F0100085F0100085F0100085F01000870
:1000F0005F0100085F0100085F0100085F01000860
:100100005F0100085F0100085F0100085F0100084F
:100110005F0100085F0100085F0100085F0100083F
:100120005F0100085F0100085F0100085F0100082F
:10013000DFF80CD000F002FB0048004729690008F6
:10014000B80500200648804706480047FEE7FEE75E
:10015000FEE7FEE7FEE7FEE7FEE7FEE7FEE7FEE777
:10016000D725000831010008D2B201E000F8012BC8
:10017000491EFBD270470022F6E710B513460A4627
:1001800004461946FFF7F0FF204610BD2DE9FE4F4B
:10019000804681EA0300C00F0C46009021F0004128
:1001A00023F00045B8EB0200A94105D240462146A4
:1001B00090461C460B46024623F00040104347D0B1
:1001C000270DC7F30A00C3F30A510290401A0190A9
:1001D00040286BDAC3F3130040F4801B009892466A
:1001E00020B10023D2EB030A63EB0B0B01985946B5
:1001F000C0F14002504600F0DCF906460D4650467C
:100200005946019A00F0F4F910EB0800614100240E
:1002100087EA115284EAE7731A4340D0009A62B326
:10022000019A012A4FEA075215DC001B61EB02011B
:100230004FF0004202EA0752CDE90042001C41F5AE
:10024000801132462B4600F02BFA03B0BDE8F08F48
:1002500040462146F9E7001B61EB0201001C41F515
:10026000801300185B412018A2F5001747EB03012B
:1002700040EAD570B6196D4111E06D084FEA3606B7
:1002800045EAC0754FEA0752001B61EB0201001CF2
:1002900041F5801149084FEA3000001951413246BA
:1002A0002B4603B0BDE8F04F00F0EBB900980122F7
:1002B00040000023D0EB020263EBE073009821467C
:1002C0004FEAE074B8EB000061EB0401E9E783F06A
:1002D00000435BE781F0004158E72DE9FE4F81EADA
:1002E000030404F0004421F0004100944FF0000B9F
:1002F00023F0004350EA01045ED052EA03045BD0CD
:10030000C3F30A54C1F30A552C44A4F2F334019404
:10031000A0FB0254C1F3130141F48011C3F3130392
:1003200043F4801301FB024400FB034E840A970A46
:1003300044EA815447EA8357A4FB076802958D0A73
:1003400005FB07854FEA932C04FB0C542705029DFF
:100350004FEA065847EA1637B5EB08056EEB070C6F
:10036000870E920E47EA811742EA8312A7FB020129
:10037000B6EB0B0164EB00042B0D43EA0C335E1863
:1003800044EB1C50DA465146E7FB0201C5F3130467
:100390004FEA0B3343EA14534FEA0432019C43EA19
:1003A0000603A4F10C040294009CCDE900B400F013
:1003B00077F903B0BDE8F08F00200146F9E72DE999
:1003C000F04D81EA030404F0004B21F0004514468F
:1003D0004FF0000A23F0004150EA050220D054EA11
:1003E00001021DD0C5F30A570246C5F31303C1F33A
:1003F0001300C1F30A5640F4801543F48013A7EBB1
:100400000608101BD64608F2FD3873EB050002D330
:1004100008F1010801E092185B41B8F1000F03DA1E
:1004200000200146BDE8F08D00204FF48011064603
:1004300084460EE0171B73EB050705D3121B63EB15
:10044000050306434CEA010C49084FEA30009218B4
:100450005B4150EA0107EDD152EA030012D082EA73
:10046000040083EA0501084305D0101BAB4106D206
:100470000122002306E000224FF0004302E06FF06B
:10048000010253101AEB06004CEB085110EB0A0066
:1004900041EB0B01BDE8F04D00F0F3B896230022CC
:1004A000114600F0C0B80EB540F233410291002170
:1004B000CDE900110A460B4600F0F2F803B000BD8A
:1004C000C1F30A5210B5C1F3130140F2FF3341F4F6
:1004D00080119A4201DA002010BD40F233439A4263
:1004E000A2F2334203DC524200F072F810BD904099
:1004F00010BD00F0004230F000400AD0C10D01F5FF
:100500006071C0F3160042EA0151C208400711436E
:10051000704700200146704701F0004330B421F0DD
:10052000004150EA010206D00A0DA2F56072C1F343
:100530001301002A02DC30BC00207047440F44EA5B
:10054000C104C100E01830BC00EBC25000F062B83A
:100550002DE9F05F0546002092469B4688460646F8
:10056000814640241BE0284641464746224600F08B
:100570002FF853465A46C01A914110D311461846D7
:10058000224600F016F82D1A67EB01084F46224666
:100590000120002100F00DF817EB00094E41201E4C
:1005A000A4F10104DFDC484631462A464346BDE853
:1005B000F09F202A04DB203A00FA02F10020704765
:1005C0009140C2F1200320FA03F319439040704791
:1005D000202A04DB203A21FA02F00021704721FA98
:1005E00002F3D040C2F120029140084319467047FF
:1005F000202A06DBCB17203A41FA02F043EAE073E7
:1006000006E041FA02F3D040C2F1200291400843D3
:10061000194670470029A8BF7047401C490008BF11
:1006200020F00100704710B4B0FA80FC00FA0CF022
:1006300050EA010404BF10BC704749B1CCF120045A
:1006400021FA04F411FA0CF118BF012121430843E7
:10065000A3EB0C01CB1D4FEA00614FEA102042BF13
:10066000002010BC704700EBC35010440029A4BF09
:1006700010BC7047401C490008BF20F0010010BCAE
:10068000704710B5141E73F1000408DA401C41F1E4
:10069000000192185B411A4301D120F0010010BD06
:1006A0002DE9F04D92469B4611B1B1FA81F202E07C
:1006B000B0FA80F220329046FFF77BFF04460F46E7
:1006C00040EA0A0041EA0B0153465A46084313D058
:1006D000114653EA010019D0C8F140025046FFF715
:1006E00077FF05460E46504659464246FFF761FFE2
:1006F000084305D0012004E020463946BDE8F08DCE
:100700000020054346EAE0762C4337430A98630508
:10071000E40AA0EB08000022FD0A44EA47540A302C
:1007200002D500200146E9E7010510196941DDE91C
:10073000084500196941BDE8F04DA2E7064C074D98
:1007400006E0E06840F0010394E8070098471034A1
:10075000AC42F6D3FFF7F0FC78A1000898A100089E
:1007600070B5044600252068806800F00100F0B1F3
:100770002068806820F001002168886000F064FF34
:1007800005460EE000F060FF401B022809D9A06A70
:1007900040F01000A062E06A40F00100E062012039
:1007A00070BD2068806800F001000028EAD10020B8
:1007B000F6E7000038B504460025002000902068C8
:1007C000806800F0010080BB2068806840F0010074
:1007D00021688860164800681649B0FBF1F0009067
:1007E00002E00098401E009000980028F9D100F027
:1007F0002BFF054613E000F027FF401B02280ED90F
:10080000A06A40F01000A062E06A40F00100E062DF
:1008100000BF002084F8240000BF012038BD2068FC
:10082000806800F001000028E5D00020F6E7000015
:100830000000002040420F0000BFFEE770470000AC
:1008400010B5012000F03AFD01200149086010BDFB
:100850001404014010B5082000F030FD08200149C3
:10086000086010BD1404014010B5102000F026FDF2
:1008700010200149086010BD1404014070B5044601
:10088000B3F5804F13D1D1E9000540EA05108D681A
:1008900040EA05208D6928438D8940EA054054F8D7
:1008A0002250064E3540284344F8220003E06FF002
:1008B000704044F82200002070BD00000000F0CF1E
:1008C00070B50246086852F8200020F001000E685A
:1008D00042F826008868082801D1402300E0002360
:1008E000486818438E683043CE6830430E69304301
:1008F0004E693043CE6930430E6A30434E6A30430E
:100900008E6A3043CE6A30430E6B40EA0604886933
:100910000443486B0443074D45F4806545F4E025E6
:10092000086852F82000A84320430E6842F82600C9
:10093000002070BD7FFB080010B50346D1E900041C
:1009400040EA04108C6840EA04208C8940EA0444A0
:10095000088A401E44EA0054087D801E44EA006074
:100960008C692043541C53F8244004F04044204335
:10097000541C43F82400002010BD00000146002252
:1009800000200AE0084B33F820308B4204D2064B9B
:1009900003EB80035A8803E0401CB0F58C7FF1DD47
:1009A00000BF104670470000149D0008F8B50446CB
:1009B00000260020009000BF94F82400012801D1F7
:1009C0000220F8BD012084F8240000BF2046FFF774
:1009D000C7FE0646002E62D1A06A20F4885040F07F
:1009E0000200A062022000F0DFFE30490968B1FB7E
:1009F000F0F04000009002E00098401E0090009847
:100A00000028F9D12046FFF7D5FE2068806840F025
:100A100008002168886000F017FE054611E000F02C
:100A200013FE401B0A280CD9A06A20F0020040F0F7
:100A30001000A06200BF002084F8240000BF012045
:100A4000BFE72068806800F008000028E7D1206830
:100A5000806840F004002168886000F0F5FD0546DC
:100A600011E000F0F1FD401B0A280CD9A06A20F02B
:100A7000020040F01000A06200BF002084F82400B3
:100A800000BF01209DE72068806800F00400002876
:100A9000E7D1A06A20F0020040F00100A06200BF90
:100AA000002084F8240000BF30468AE700000020C0
:100AB00038B5024600230020009000BF92F82400C1
:100AC000012801D1022038BD012082F8240000BF96
:100AD0004868072812D21068406B0C79641E04EB3A
:100AE00084051F24AC40A0430D796D1E05EB8505E0
:100AF0000C68AC4020431468606327E048680D2808
:100B000012D21068006B0C79E41F04EB84051F24DB
:100B1000AC40A0430D79ED1F05EB85050C68AC409A
:100B200020431468206311E01068C06A0C790D3C02
:100B300004EB84051F24AC40A0430D790D3D05EB6B
:100B400085050C68AC4020431468E06208680A28F8
:100B500012D31068C0680C780A3C04EB44050724E3
:100B6000AC40A0430D780A3D05EB45058C68AC40D0
:100B700020431468E0600FE0106800690C7804EB13
:100B800044050724AC40A0430D7805EB45058C686F
:100B9000AC402043146820610868102802D008681F
:100BA000112827D1174C1068A0421ED11068806808
:100BB00000F40000F0B91068806840F40000146888
:100BC000A0600868102815D10F4800680F4CB0FBD2
:100BD000F4F000EB80004000009002E00098401E1E
:100BE000009000980028F9D104E0906A40F02000BD
:100BF0009062012300BF002082F8240000BF184645
:100C000061E70000002401400000002040420F0086
:100C100001460868C06C70472DE9F0410446002782
:100C200000250026A84614B90120BDE8F081A0687F
:100C300010B1207D00B100BFA06A30B90020E06291
:100C400084F82400204600F097F82046FFF788FD3E
:100C50000746A06A00F01000002873D1002F7ED153
:100C6000A06A20F4885040F00200A0623F4AD4E914
:100C70000001904208D1E069B0F5402F02D14FF455
:100C8000002002E0E06900E0E0690143207B41EAE6
:100C900040000643A068B0F5807F02D0A06801281C
:100CA00002D14FF4807000E000200543207D012830
:100CB00011D1207B38B9A069401E4FF4006141EA90
:100CC0004030054307E0A06A40F02000A062E06ADF
:100CD00040F00100E0622068406820F46940284349
:100CE00021684860206880682149084030432168B5
:100CF0008860A068B0F5807F02D0A068012802D18A
:100D00004FF4807000E00020B0F5807F03D1208A8E
:100D1000401E4FEA00582068C06A20F4700040EA84
:100D200008002168C8622068806812490840B04203
:100D300009D10020E062A06A20F0020040F001002A
:100D4000A06211E00BE0A06A20F0020040F0100069
:100D5000A062E06A40F00100E062012704E0A06ABE
:100D600040F01000A062012738465EE7003C0140D9
:100D7000FDF7E1FFFE0E1FFF10B58CB004461C49C5
:100D80002068884232D1182102A8FFF7F4F900BF89
:100D900000BF1848806940F4007016498861084611
:100DA000806900F40070019000BF00BF00BF00BF69
:100DB00000BF0846806940F00400886108468069E9
:100DC00000F00400019000BF00BF00BF02200290AD
:100DD0008003049002A800F081FD02200890032007
:100DE000099008A9044800F077FA00BF0CB010BDC4
:100DF000002401400010024000080140F8B50446FC
:100E00000D46002600200090002700F01DFC06463D
:100E10002068806800F4807050B1A06A40F0200023
:100E2000A06200BF002084F8240000BF0120F8BDAC
:100E30002068406800F48070F8B92068C06A00F447
:100E40007000D0B912E0681C80B125B100F0FCFB45
:100E5000801BA8420AD9A06A40F00400A06200BF2B
:100E6000002084F8240000BF0320E0E72068006829
:100E700000F002000028E6D050E0022000F094FCD0
:100E800036490968B1FBF0F021680969344A11401C
:100E900091B92168C9689211114069B9216809693D
:100EA000304A114031B92168C9689211114009B91D
:100EB000142117E0292115E021680969294A114008
:100EC00021B92168C9689211114041B121680969AD
:100ED000254A114029B92168C968114009B954212E
:100EE00000E0FC2100FB01F715E0681C80B125B192
:100EF00000F0AAFB801BA8420AD9A06A40F00400B7
:100F0000A06200BF002084F8240000BF03208EE709
:100F10000098401C00900098B842E6D36FF0120091
:100F200021680860A06A40F40070A06220688068B0
:100F300000F46020B0F5602F0DD1207B58B9A06A75
:100F400020F48070A062A06A00F4805018B9A06AF2
:100F500040F00100A062002069E7000000000020CE
:100F600024499224922449124992240070B50446DF
:100F7000002500BF94F82400012801D1022070BD93
:100F8000012084F8240000BF2046FFF713FC05462B
:100F9000002D77D1A06A40F20121884340F480708F
:100FA000A0623C492068884208D13B48006800F4B0
:100FB000702008B9012002E0002000E0012078B193
:100FC000A06A20F48010A0622068406800F480606D
:100FD00000B3A06A20F4005040F48050A06219E0F1
:100FE000A06A40F48010A0622B49091F2068884243
:100FF00003D028492068884204D12748006800F4BB
:10100000806000E0002028B1A06A20F4005040F485
:101010008050A062A06A00F4805020B1E06A20F005
:101020000600E06201E00020E06200BF002084F8DA
:10103000240000BFC01E216808602068806800F49A
:101040006020B0F5602F16D112492068884208D17F
:101050001148006800F4702008B9012002E0002067
:1010600000E0012038B12068806840F4A0002168C9
:1010700088600CE006E02068806840F480102168F9
:10108000886004E000BF002084F8240000BF2846E8
:1010900075E70000002801400424014070B50446B3
:1010A000002594F82100022803D00420A063012524
:1010B000C1E02068006820F00E0021680860206808
:1010C000006820F00100216808605C4920688842BF
:1010D00052D95A4978392068884201D1012047E025
:1010E000564964392068884201D1102040E05349B4
:1010F00050392068884201D1801539E04F493C3988
:101100002068884201D1801432E04C492839206897
:10111000884202D14FF480302AE0484914392068CF
:10112000884202D14FF4801022E04449206888426E
:1011300001D140041CE042492068884201D10120CD
:1011400016E03F4914312068884201D110200FE099
:101150003B4928312068884201D1801508E0384990
:101160003C312068884201D1801401E04FF4803086
:101170003349091F086051E03049783920688842B6
:1011800001D1012047E02D4964392068884201D10E
:10119000102040E0294950392068884201D180154B
:1011A00039E026493C392068884201D1801432E078
:1011B000224928392068884202D14FF480302AE041
:1011C0001E4914392068884202D14FF4801022E071
:1011D0001A492068884201D140041CE0184920685F
:1011E000884201D1012016E0154914312068884257
:1011F00001D110200FE0124928312068884201D126
:10120000801508E00E493C312068884201D18014E5
:1012100001E04FF48030094980394860012084F8AA
:10122000210000BF002084F8200000BF606B10B1D7
:101230002046616B8847284670BD00008000024050
:101240000804024010B50446142001F04FFE012CA2
:101250001BD0082C0DD0102C24D11021124800F0E6
:10126000DBF928B91148007880F001000F490870B7
:1012700018E008210C4800F0CFF928B90C48007894
:1012800080F001000A4908700CE00121094800F0D3
:10129000C3F9012805D100BF0102074800F0C4F9D5
:1012A00000BF00BF00BF10BD001801402400002097
:1012B0002500002000080140000C014010B5044644
:1012C00004480068204020B1024804602046FFF72F
:1012D000B9FF10BD140401402DE9F8470246002370
:1012E0009C467BE14FF0010808FA03F4D1F8008036
:1012F00008EA0400A0427DD1DFF8F4A2D1F804800E
:10130000A8EB0A09D0453AD014DCB8F1030F50D04D
:1013100009DCB8F1000F31D0B8F1010F1CD0B8F1E1
:10132000020F49D120E0B8F1110F18D0B8F1120F17
:1013300042D11EE0B9F5881F25D006DCB9F5803F03
:1013400020D0B9F5801F37D11AE0B9F5001F18D0A9
:10135000B9F5041F30D117E0D1F80CC02DE0D1F859
:101360000C8008F1040C28E0D1F80C8008F1080C7E
:1013700023E0D1F80C8008F10C0C1EE000BF00BF88
:1013800000BF00BF00BF00BFD1F80880B8F1000F58
:1013900002D14FF0040C0BE0D1F80880B8F1010F36
:1013A00003D14FF0080C146102E04FF0080C5461B7
:1013B00003E04FF0000C00E000BF00BFFF2801D8A1
:1013C000904601E002F104084646FF2802D84FEAA1
:1013D000830803E0A3F108084FEA88084746D6F8D7
:1013E00000804FF00F0909FA07F928EA09080CFAFA
:1013F00007F900E07AE048EA0908C6F80080D1F869
:10140000048008F08058B8F1805F6FD100BFDFF82A
:10141000E481D8F8188048F00108DFF8D891C9F8BD
:101420001880C846D8F8188008F00108CDF8008068
:1014300000BF00BF4FEAB9384FEA930958F8295066
:101440004FEA83784FEA18794FF00F0808FA09F845
:1014500025EA0805DFF8A081424502D14FF00008D7
:1014600024E0DFF89881424502D14FF001081DE0E9
:10147000DFF88C81424502D14FF0020816E0DFF818
:101480008481424502D14FF003080FE0DFF87881F4
:10149000424502D14FF0040808E0DFF87081424570
:1014A00002D14FF0050801E04FF006084FEA8379BA
:1014B0004FEA197908FA09F848EA0505DFF850817A
:1014C0004FEA930948F82950D1F8048008F480388D
:1014D000B8F5803F0BD1DFF83C81D8F8008048EAAE
:1014E0000008DFF83091C9F800800AE075E0DFF805
:1014F0002481D8F8008028EA0008DFF81891C9F89C
:101500000080D1F8048008F40038B8F5003F0ED10F
:10151000DFF8008108F10408D8F8008048EA0008E4
:10152000DFF8F09009F10409C9F800800DE0DFF858
:10153000E48008F10408D8F8008028EA0008DFF801
:10154000D49009F10409C9F80080D1F8048008F4A6
:101550008018B8F5801F0ED1DFF8B88008F10808B0
:10156000D8F8008048EA0008DFF8A89009F10809D7
:10157000C9F800800DE0DFF89C8008F10808D8F871
:10158000008028EA0008DFF88C9009F10809C9F802
:101590000080D1F8048008F40018B8F5001F0ED1BF
:1015A000DFF8708008F10C08D8F8008048EA0008DD
:1015B000DFF8609009F10C09C9F800800DE0DFF850
:1015C000548008F10C08D8F8008028EA0008DFF8F9
:1015D000449009F10C09C9F800805B1CD1F8008027
:1015E00028FA03F8B8F1000F7FF47CAEBDE8F88765
:1015F000000011100010024000080140000C0140E2
:10160000001001400014014000180140001C01407E
:101610000800014000040140024693680B400BB1F2
:10162000012000E00020704710B5C26821EA0203E3
:1016300002EA010443EA0443036110BD0AB10161F7
:1016400001E00B0403617047014800687047000027
:101650001000002003480068034909780844014944
:1016600008607047100000201800002010B50848DE
:10167000006840F0100006490860052000F080F87E
:101680000F2000F007F800F02BF8002010BD00003C
:101690000020024070B504460E4800784FF47A717D
:1016A000B1FBF0F00C490968B1FBF0F5284600F0F9
:1016B00091FD08B1012070BD102C07D200222146F7
:1016C000501E00F01EF80548046001E00120F2E71A
:1016D0000020F0E718000020000000201400002087
:1016E000704701460846002809DB00F01F0301226D
:1016F0009A4043099B0003F1E023C3F8002100BF97
:1017000070472DE9F05F80460D461646002701F030
:10171000B9F8074639462A46334601F00700C0F1BA
:10172000070ABAF1040F02D94FF0040A01E0C0F130
:10173000070AD14600F1040ABAF1070F02D24FF0AE
:10174000000A01E0A0F1030AD4464FF0010A0AFAA8
:1017500009FAAAF1010A0AEA020A0AFA0CFA4FF097
:10176000010B0BFA0CFBABF1010B0BEA030B4AEA82
:101770000B042146404601F08DF8BDE8F09F0000C3
:1017800000BF00F00702064B19684FF6FF0319402F
:10179000044B0B4343EA0221014B196000BF704721
:1017A0000CED00E00000FA052DE9F04385B0064697
:1017B00042A30FCB01AC0FC444A0006800904FF0CF
:1017C0000008002500270024A146042E36D004DCA2
:1017D000012E3BD0022E6BD15FE0082E32D0102EAE
:1017E00066D13B484468006800F0807000B301A8EF
:1017F000C4F38341475C04F4803070B134484068DE
:10180000C0F340401DF8008004F4803040B13148FE
:10181000B0FBF8F000FB07F502E02F4807FB00F5EE
:101820002B48406800F48000B0F5800F01D1A94634
:1018300003E068000321B0FBF1F93AE000F0D2F9CF
:10184000814636E000F0CEF9814632E02048046A55
:1018500004F44070B0F5807F05D104F0020010B1AF
:101860004FF4004918E004F44070B0F5007F07D150
:101870001748406A00F0020010B149F640490BE0F9
:1018800004F44070B0F5407F06D11148006800F4C0
:10189000003008B14FF224490BE000F093F90C49F5
:1018A0004968C1F38131491C4900B0FBF1F900E0FE
:1018B00000BF00BF484605B0BDE8F0830203040541
:1018C000060708090A0B0C0D0E0F1010010200008C
:1018D0000010024000127A0000093D00F8B50446ED
:1018E00000260025207800F0010000286BD000279A
:1018F0004348C06900F0805070B900BF4048C069DB
:1019000040F080503E49C8610846C06900F08050F0
:10191000009000BF00BF01273A48006800F48070C3
:10192000B0B93848006840F4807036490860FFF765
:101930008BFE064606E0FFF787FE801B642801D970
:101940000320F8BD2F48006800F480700028F2D012
:101950002B48006A00F440752DB3A08800F4407055
:10196000A84220D02648006A20F44075012026496C
:101970000860002008602248056205F0010090B16F
:10198000FFF762FE064608E0FFF75EFE801B41F2AD
:101990008831884201D90320D3E71948006A00F052
:1019A00002000028F0D01648006A20F440706168F8
:1019B000084313490862012F04D10846C06920F08A
:1019C0008050C86100BF207800F00200022807D1D3
:1019D0000B48406820F44040A1680843084948602B
:1019E000207800F01000102807D10548406820F446
:1019F000800061690843024948600020A1E70000B7
:101A000000100240007000404004424270B504469D
:101A10000D460CB9012070BD5A48006800F007005F
:101A2000A8420ED25748006820F0070028435549C5
:101A300008600846006800F00700A84201D00120B5
:101A4000E9E7207800F0020002281DD1207800F09C
:101A50000400042805D14C48406840F4E0604A493D
:101A60004860207800F00800082805D14648406802
:101A700040F46050444948604348406820F0F0001A
:101A8000A168084340494860207800F0010078B31D
:101A90006068012806D13C48006800F4003090B925
:101AA0000120B8E76068022806D13748006800F0D6
:101AB000007040B90120AEE73348006800F0020032
:101AC00008B90120A7E73048406820F003006168AA
:101AD00008432D494860FFF7B7FD064609E0FFF7C8
:101AE000B3FD801B41F28831884202D9032092E77E
:101AF00007E02548406800F00C006168B0EB810FFA
:101B0000EDD12048006800F00700A8420ED91D481A
:101B1000006820F0070028431A490860084600685A
:101B200000F00700A84201D0012074E7207800F0FF
:101B30000400042807D11448406820F4E060E168FC
:101B4000084311494860207800F00800082808D1AF
:101B50000D48406820F46050216940EAC1000A49FC
:101B6000486000F03FF808494968C1F30311074A8B
:101B7000515CC8400649086006480068FFF78AFDC6
:101B8000002048E700200240001002407C6D000861
:101B90000000002014000020014800687047000089
:101BA0000000002000B5FFF7F7FF04494968C1F3C2
:101BB0000221034A515CC84000BD000000100240F1
:101BC0008C6D000800B5FFF7E7FF04494968C1F3D1
:101BD000C221034A515CC84000BD00000010024011
:101BE0008C6D0008F0B585B00FF26C0C9CE8E0102D
:101BF00001A8A0E8E0101CA52D6800950021002296
:101C0000002300240020194D696801F00C05F5B18E
:101C1000042D02D0082D19D101E0154819E001ADBD
:101C2000C1F38346AC5D01F4803555B10F4D6D684D
:101C3000C5F340451DF805200D4D6543B5FBF2F396
:101C400002E00C4D04FB05F3184602E000BF084813
:101C500000BF00BF05B0F0BD020304050607080978
:101C60000A0B0C0D0E0F10100102000000100240B4
:101C700000127A0000093D00F8B504460CB90120B5
:101C8000F8BD207800F00100002878D0F8484068BE
:101C900000F00C0004280CD0F548406800F00C005F
:101CA000082811D1F248406800F48030B0F5803F38
:101CB0000AD1EF48006800F4003000285FD0606867
:101CC00000285CD10120DBE700BF6068B0F5803FF1
:101CD00006D1E748006840F48030E549086028E014
:101CE000606858B9E248006820F48030E049086034
:101CF0000846006820F4802008601AE06068B0F5AB
:101D0000A02F0BD1DA48006840F48020D849086041
:101D10000846006840F4803008600AE0D448006853
:101D200020F48030D24908600846006820F4802002
:101D3000086000BF606888B1FFF786FC054606E0D2
:101D4000FFF782FC401B642801D9032098E7C848AC
:101D5000006800F400300028F2D010E0FFF774FCB7
:101D6000054606E0FFF770FC401B642801D90320FC
:101D700086E7BF48006800F400300028F2D12078E0
:101D800000F00200022857D1B948406800F00C006A
:101D900050B1B748406800F00C00082818D1B4488A
:101DA000406800F4803098B9B148006800F0020043
:101DB00020B12069012801D0012061E7AC4800680A
:101DC00020F0F800616940EAC100A949086033E0E9
:101DD0002069E8B10120A7490860FFF735FC0546F6
:101DE00006E0FFF731FC401B022801D9032047E73A
:101DF0009F48006800F002000028F2D09C4800686C
:101E000020F0F800616940EAC1009949086013E0D8
:101E1000002098490860FFF717FC054606E0FFF729
:101E200013FC401B022801D9032029E790480068D1
:101E300000F002000028F2D1207800F00800082805
:101E40002DD1A069B8B101208B490860FFF7FCFBD8
:101E5000054606E0FFF7F8FB401B022801D90320E6
:101E60000EE78348406A00F002000028F2D001200B
:101E700000F098FB13E000207F490860FFF7E4FBC7
:101E8000054606E0FFF7E0FB401B022801D90320CE
:101E9000F6E67748406A00F002000028F2D1207888
:101EA00000F00400042873D100277148C06900F0D5
:101EB000805070B900BF6E48C06940F080506C49D6
:101EC000C8610846C06900F08050009000BF00BFA4
:101ED00001276A48006800F48070B0B9674800685C
:101EE00040F4807065490860FFF7AEFB054606E0E8
:101EF000FFF7AAFB401B642801D90320C0E65F4816
:101F0000006800F480700028F2D000BFE06801286B
:101F100006D15748006A40F001005549086227E0A1
:101F2000E06858B95248006A20F001005049086240
:101F30000846006A20F00400086219E0E0680528FD
:101F40000BD14B48006A40F004004949086208463A
:101F5000006A40F0010008620AE04548006A20F08B
:101F60000100434908620846006A20F00400086244
:101F700000BFE068A0B1FFF767FB054609E0FFF787
:101F800063FB401B41F28831884202D9032077E687
:101F900022E03748006A00F002000028EFD012E08B
:101FA000FFF752FB054608E0FFF74EFB401B41F2EE
:101FB0008831884201D9032062E62D48006A00F08A
:101FC00002000028F0D1012F05D12948C06920F076
:101FD00080502749C86100BFE069C8B32448406801
:101FE00000F00C00082860D0E069022848D10020E9
:101FF00020490866FFF728FB054606E0FFF724FBAB
:10200000401B022801D903203AE61948006800F075
:1020100000700028F2D1206AB0F5803F07D1144843
:10202000406820F40030A168084311494860D4E9B1
:10203000080108430E49496821F4741108430C490A
:10204000486001200B490866FFF7FEFA054607E0E5
:102050003DE0FFF7F9FA401B022801D903200FE603
:102060000348006800F000700028F2D02FE0000064
:1020700000100240000042428004424200700040D2
:10208000002014490866FFF7DFFA054606E0FFF76F
:10209000DBFA401B022801D90320F1E50E48006855
:1020A00000F000700028F2D111E0E069012800D1B1
:1020B000E6E50948466806F48031206A814204D189
:1020C00006F47011606A814201D00120D8E5002039
:1020D000D6E50000000042420010024070B5044600
:1020E0000E4615461CB1A069B0F5807F01D10120D4
:1020F00070BD94F8410028B9002084F840002046C3
:1021000000F020F804F108012068FEF7D9FB314601
:10211000A2682068FEF710FC2946236BD4E901026F
:10212000FEF7ACFBA168206850F8210040F00100E8
:10213000A268216841F82200012084F841000020B3
:10214000D6E7000010B586B0044600BF1E484069BF
:1021500040F480701C4948610846406900F4807072
:10216000019000BF00BF00BF0846806940F020001A
:1021700088610846806900F02000019000BF00BF20
:1021800000BF0846806940F04000886108468069C9
:1021900000F04000019000BF00BF4CF203700290BD
:1021A00002200390012004900320059002A9074813
:1021B000FFF792F84FF68070029002A90448FFF7EB
:1021C0008BF806B010BD0000001002400014014062
:1021D0000018014070B504462546681EB0F1807FA6
:1021E00001D301200FE0681E4FF0E02148610F216C
:1021F0004FF0FF3000F04EFB00204FF0E0218861EF
:1022000007200861002070BD704700002DE9F047ED
:102210000446206805682068C668206847694FF052
:102220000008C14605F00F08B8F1000F0AD105F00B
:10223000200038B106F0200020B1204600F0F6F969
:10224000BDE8F087B8F1000F71D007F0010018B9B0
:1022500006F4907000286AD005F0010030B106F451
:10226000807018B1E06B40F00100E06305F00400FD
:1022700030B107F0010018B1E06B40F00200E063FC
:1022800005F0020030B107F0010018B1E06B40F03A
:102290000400E06305F0080048B106F0200010B922
:1022A00007F0010018B1E06B40F00800E063E06B5C
:1022B00068B305F0200028B106F0200010B12046D8
:1022C00000F0B4F920684069C0F38019E06B00F0B9
:1022D000080010B9B9F1000F22D0204600F086F9AD
:1022E0002068406900F04000B0B12068406920F0EB
:1022F000400021684861606B50B11848616B4863C9
:10230000606BFEF7CBFE10B1606B416B88470CE051
:102310002046FFF779FF08E02046FFF775FF04E04D
:102320002046FFF771FF0020E06389E7FFE705F033
:10233000800030B106F0800018B1204600F044FA69
:102340007EE705F0400030B106F0400018B12046AD
:1023500000F05CF974E700BF72E70000D9250008BF
:1023600010B504460CB9012010BDA06900B100E011
:1023700000BF94F8390028B9002084F838002046BE
:1023800000F028F8242084F839002068C06820F480
:1023900000502168C860204600F098F92068006964
:1023A00020F49040216808612068406920F02A00EC
:1023B000216848612068C06840F400502168C86006
:1023C0000020E063202084F8390084F83A000020DF
:1023D000CAE7000010B586B0044628492068884244
:1023E0004AD100BF00BF2648806940F0040024495C
:1023F00088610846806900F00400019000BF00BFBA
:1024000000BF00BF00BF0846806940F0040088613B
:102410000846806900F00400019000BF00BF00BFC3
:1024200000BF00BF0846806940F4804088610846CC
:10243000806900F48040019000BF00BF00BF4815D4
:10244000029002200390012004900320059002A92D
:102450000C48FEF741FF4FF480600290002003908B
:1024600002A90848FEF738FF2520FFF73AF90322B2
:1024700011462520FFF745F906B010BD0038014090
:10248000001002400008014010B5034693F83A00DE
:1024900020282FD101B10AB9012010BD00BF93F847
:1024A0003800012801D10220F7E7012083F8380025
:1024B00000BF99629A85DA850020D863222083F8CC
:1024C0003A0000BF002083F8380000BF1868C068D9
:1024D00040F480701C68E0601868406940F00100BA
:1024E0001C6860611868C06840F020001C68E060EB
:1024F0000020D2E70220D0E710B50446204920682A
:1025000088423BD11F48008800F4004088BB1D482A
:10251000008800F4804070B11B4800780A2803D07E
:1025200000201849088024E01648008840F4004044
:10253000144908801DE0144800780D2806D1114880
:10254000008840F480400F49088012E00E4800786F
:102550000C490988C1F30D010C4A50540948008800
:10256000401C0849088008460088C72801DD002073
:102570000880012204490648FFF786FF10BD0000CD
:10258000003801400C0000200E0000202800002030
:10259000F0000020704700BFFEE700BFFEE7704775
:1025A0007047000008B508490968C9084FF47A72F5
:1025B000B1FBF2F14143009100BF00BF00994A1EF8
:1025C00000920029F9D108BD00000020704710B525
:1025D000FFF740F810BD704770B505466C6A0020E3
:1025E000E085E0842046FFF70FFE70BD0168C968F2
:1025F00021F490710268D1600168496921F00101FC
:1026000002685161202180F83A10704710B50446E5
:102610002068C06820F040002168C860202084F84D
:1026200039002046FFF7B6FF002010BD70B5044604
:1026300094F83A00222847D1A068B0F5805F0CD109
:10264000206950B90025A66A20684068C0F30800D8
:102650003080A06A801CA06215E0A56A0026A068F0
:10266000B0F5805F03D0A06828B9206918B9206848
:102670004068287004E02068406800F07F002870FF
:10268000A06A401CA062E08D401E80B2E085C8B9FF
:102690002068C06820F020002168C8602068C068F9
:1026A00020F480702168C8602068406920F0010033
:1026B00021684861202084F83A002046FFF71CFF7B
:1026C000002070BD0020FCE70220FAE770B5044648
:1026D0002168096921F44051E268114322681161BF
:1026E0002269A1681143626941EA02052168C9684B
:1026F00041F20C62914329432268D1602168496903
:1027000021F44071A2691143226851612D4A216868
:10271000914202D1FFF756FA01E0FFF743FA00EBCE
:10272000C00101EB001162689200B1FBF2F100EB15
:10273000C00202EB001263689B00B2FBF3F2642359
:10274000B2FBF3F202EBC20303EB0212A1EB820134
:10275000322202EB01116422B1FBF2F101F0F0012F
:1027600000EBC00202EB001263689B00B2FBF3F2C5
:102770006423B2FBF3F201EB021200EBC00101EBA8
:10278000001163689B00B1FBF3F100EBC00303EBA6
:1027900000136668B600B3FBF6F36426B3FBF6F3EA
:1027A00003EBC30606EB0313A1EB8301322303EB18
:1027B00001116423B1FBF3F101F00F011144226810
:1027C000916070BD00380140014691F83900212820
:1027D00028D18868B0F5805F0BD1086948B90A6ACA
:1027E0001088C0F308000B685860086A801C0862F3
:1027F00005E00B6A581C086218780B685860C88C92
:10280000401E80B2C88458B90868C06820F08000B3
:102810000B68D8600868C06840F040000B68D8605A
:10282000002070470220FCE710B50248FFF7EEFCDD
:1028300010BD0000F000002000BFFEE70FB4054B04
:1028400010B503A9044A029800F048F810BC5DF8DE
:1028500014FB0000492F0008080000200FB4084BAB
:1028600010B504A902AA039800F038F8044602A99A
:10287000002000F064FA204610BC5DF814FB000054
:102880003F2D000802480068C0F302207047000096
:102890000CED00E010B5002804DB0A07130E054A12
:1028A000135406E00A07140E034A00F00F031B1F1F
:1028B000D45410BD00E400E018ED00E002E008C8C8
:1028C000121F08C1002AFAD170477047002001E0AA
:1028D00001C1121F002AFBD1704700002DE9FF4FF4
:1028E0008DB00F460546002606E025280BD0DDE911
:1028F0000F1290476D1C761C28780028F5D111B076
:102900003046BDE8F08F0024A246A1460122EC49E2
:1029100000E0044315F8013F203B02FA03F00842AF
:10292000F7D128782A2810D06FF02F022878A0F14C
:102930003001092914D80AEB8A0102EB410144F065
:10294000020400EB010A6D1CF0E701CF5FEA000A08
:1029500003D544F40054CAF1000A44F002046D1C8B
:1029600028782E2817D115F8010F44F004042A28DE
:102970000ED06FF02F022878A0F1300109290AD873
:1029800009EB890102EB410100EB01096D1CF2E743
:1029900057F8049B6D1C28786C280FD006DC4C2857
:1029A00017D068280DD06A2814D104E0742810D0FC
:1029B0007A280FD10DE044F400140AE044F48014A6
:1029C00001E044F440146978814202D104F5801496
:1029D0006D1C6D1C2A786E2A1FD00CDC632A31D046
:1029E00004DC002A8BD0582A11D1A3E0642A68D0D5
:1029F000692A0CD165E0732A2ED004DC6F2A73D0CB
:102A0000702A04D19BE0752A6FD0782A6ED01046C8
:102A1000DDE90F129047761C50E1C4F30250022802
:102A200006D0032809D0042801CF09D0066045E16B
:102A300001CFF117C0E9006140E101CF06803DE11F
:102A400006703BE117F8040B8DF8000000208DF8AC
:102A50000100EB46012003E057F804BB4FF0FF30C4
:102A600061074FF0000102D40DE008F10101884632
:102A700049450FDA8045F8DB1BF808100029F4D12E
:102A800008E008F1010188468142FADB1BF80810D2
:102A90000029F6D1DDE90F23AAEB08008146214683
:102AA00000F036F9304400EB080604E0DDE90F12CF
:102AB0001BF8010B9047B8F10108F7D221464846B0
:102AC000F7E00A21C4F302534FF0000B0891022BE8
:102AD00004D001CFC117032B09D00AE0FF1D27F056
:102AE0000707F7E8020108E032E01FE020E000B24B
:102AF000C117042B01D140B2C117031E71F10003AD
:102B000007DA4FF0000CD0EB0C006CEB01012D2329
:102B100002E0230504D52B238DF82430012303E0A4
:102B2000E30701D02023F7E7984658E00A2110E098
:102B300010210EE010204FF0000B08900CE0102147
:102B40004FF0000B44F004044FF00809089103E033
:102B500008214FF0000B0891C4F30253022B04D05C
:102B600001CF0021032B06D006E0FF1D27F0070749
:102B7000F7E8020103E080B2042B00D1C0B24FF0AD
:102B8000000823072BD5702A07D0DDF820C08CF071
:102B9000100C5CEA0B0C05D00EE040238DF82430BD
:102BA000012308E050EA010306D030238DF82430D9
:102BB0008DF8252002239846DDF820C08CF0080C03
:102BC0005CEA0B0C0BD150EA010301D1630706D577
:102BD00030238DF824304FF00108A9F10109582A5B
:102BE00004D038A20B9208AA0A920BE03AA2F9E7A5
:102BF0005B46089AFDF7ACFC0B9B9B5C0A9A521E45
:102C00000A92137050EA0102F2D10A98ADEB00006B
:102C100000F1200B600702D524F4803401E04FF06E
:102C20000109D94502DDA9EB0B0000E0002000EB13
:102C30000B0141440890AAEB010AE00306D4DDE948
:102C40000F232146504600F063F806444FF0000978
:102C500008E009A911F80900DDE90F12904709F110
:102C60000109761CC145F4DBE0030CD5DDE90F2337
:102C70002146504600F04CF8064404E0DDE90F120E
:102C800030209047761C0899481E08900029F5DCF2
:102C900008E00A980A990078491C0A91DDE90F12A8
:102CA0009047761CBBF10001ABF1010BF1DC214632
:102CB0005046DDE90F2300F019F806446D1C1BE6B1
:102CC0000928010030313233343536373839616202
:102CD00063646566000000003031323334353637C6
:102CE0003839414243444546000000002DE9F04197
:102CF000044600251E461746880404D405E03946DC
:102D00002020B0476D1C641EF9D52846BDE8F0812F
:102D10002DE9F041044600251E469046C80301D522
:102D2000302700E02027880404D505E041463846D6
:102D3000B0476D1C641EF9D52846BDE8F0810A68CD
:102D4000531C0B6010707047FEB507460C461546C5
:102D50001E4600940195029669463846FDF7A8FE86
:102D6000FEBD000010B50446072301222146074896
:102D7000FFF7EAFF0548FEF7F9F80A210348FEF7D6
:102D80003DF80248FDF744FF80B210BD88010020E5
:102D90002DE9F04107460C460025002608E038469C
:102DA000FFF7E0FF0544052000F0A0F8701CC6B254
:102DB000A642F4DBB5FBF4F0BDE8F08110B50B489A
:102DC0000B490860002048600021094881600173B8
:102DD000012101610021017581614FF46021C16110
:102DE000FDF71AFF0248FDF7E1FD10BD0024014088
:102DF0008801002010B500F0E3F810BD70B505465D
:102E00000C46164606E028466A1C95B200F008F803
:102E100004F8010B301EA6F101018EB2F3D170BD92
:102E200070B50446002600F08BF92112A02202EBB7
:102E30004101C8B200F04EF900F0C8F92546E1178B
:102E400004EB11610912A4EB0121C8B200F042F9B0
:102E500000F0BCF900F074F9A12000F03BF900F09B
:102E6000B5F9002000F008F9064600F08FF9304669
:102E700070BD70B505460C46164606E0217828461A
:102E800000F009F8681C85B2641C301EA6F101012F
:102E90008EB2F3D170BD70B504460E4600F050F905
:102EA0002112A02202EB4101C8B200F013F900F098
:102EB0008DF92546E11704EB11610912A4EB0121FC
:102EC000C8B200F007F900F081F9304600F002F9CD
:102ED00000F07CF900F05AF90A2000F007F870BD04
:102EE00001490860704700000400002010B5044646
:102EF0004FF47A7104FB01F000F002F810BD0000FD
:102F000070B5034600224FF0E02675690D4E366815
:102F100003FB06F44FF0E026B16910E04FF0E02625
:102F2000B06988420BD0884202D20E1A324402E0C5
:102F30002E1A0E4432440146A24200D300E0EDE7CF
:102F400000BF70BD0400002000BF054A126802F0F7
:102F50004002002AF9D0C2B2014B1B1D1A60704713
:102F60000038014010B500BF002280211048FEF754
:102F700065FB00BF00F01EF800BF012240210C4895
:102F8000FEF75CFB00BF00F015F800BF00224021F7
:102F90000748FEF753FB00BF00F00CF800BF01220A
:102FA00080210348FEF74AFB00BF00F003F810BD84
:102FB000000C014010B50220FFF7A2FF10BD000079
:102FC00000B585B000BF00BF1948806940F0080017
:102FD000174988610846806900F00800009000BF2A
:102FE00000BF00BF00BF00BF0846806940F0080076
:102FF00088610846806900F00800009000BF00BFAB
:1030000000BF402001900120029003900320049013
:1030100001A90848FEF760F9802001901120029074
:1030200001A90448FEF758F900F0B0F805B000BD5A
:1030300000100240000C014010B500BF01228021A9
:103040000C48FEF7FBFA00BFFFF7B4FF00BF0122F8
:1030500040210848FEF7F2FA00BFFFF7ABFF00BFC0
:10306000002240210348FEF7E9FA00BFFFF7A2FF64
:1030700010BD0000000C014070B50546002400267C
:103080001CE06006040E00BF012240211048FEF73C
:10309000D5FA00BFFFF78EFF80210D48FEF7BCFA7E
:1030A00008B1601CC4B200BF002240210848FEF7EE
:1030B000C5FA00BFFFF77EFF701CC6B2082EE0DB2A
:1030C00015B9FFF7B9FF01E0FFF74CFF204670BDCF
:1030D000000C014070B50446002524E000BFE00963
:1030E00028B1012280211548FEF7A8FA04E0002249
:1030F00080211248FEF7A2FA00BFFFF75BFF00BF76
:10310000012240210D48FEF799FA00BFFFF752FF58
:1031100000BF002240210948FEF790FA00BF600678
:10312000040E681CC5B2082DD8DB00BF0122802127
:103130000248FEF783FA00BF70BD0000000C01409A
:1031400010B500BF012280210F48FEF777FA00BFBB
:1031500000BF012240210C48FEF770FA00BFFFF7C4
:1031600029FF00BF002280210748FEF767FA00BF51
:10317000FFF720FF00BF002240210348FEF75EFA60
:1031800000BFFFF717FF10BD000C014010B500BFD6
:10319000002280210C48FEF751FA00BFFFF70AFF1A
:1031A00000BF012240210848FEF748FA00BFFFF7A0
:1031B00001FF00BF012280210348FEF73FFA00BF54
:1031C000FFF7F8FE10BD0000000C014070B50024B0
:1031D000002500BF012280211448FEF72FFA00BF0E
:1031E000FFF7E8FE00BF012240211048FEF726FA53
:1031F00000BFFFF7DFFE07E0601CC4B2FA2C03DD5E
:10320000FFF7C4FF012505E080210848FEF704FA16
:103210000028F1D100BF00BF002240210348FEF783
:103220000DFA00BFFFF7C6FE284670BD000C014036
:1032300000B585B000BF00BF2848806940F040005D
:10324000264988610846806900F04000009000BF70
:1032500000BF00BF00BF00BF0846806940F04000CB
:1032600088610846806900F04000009000BF00BF00
:1032700000BF00BF00BF0846806940F004008861BD
:103280000846806900F00400009000BF00BF00BF46
:103290001020019000200290012003900320049050
:1032A00001A90F48FEF718F80820019000200290AD
:1032B000012003900320049001A90948FEF70CF8AF
:1032C000012001900020029002200390032004902E
:1032D00001A90448FEF700F805B000BD0010024047
:1032E000001801400008014070B50446002514B1E3
:1032F0000120224908702148007848B31021204855
:10330000FEF78AF950B108211D48FEF785F928B16A
:1033100001211C48FEF780F9012819D10A20FFF786
:10332000E5FD00201549087010211548FEF774F9D5
:1033300000B9012508211248FEF76EF900B90225EF
:1033400001211048FEF768F9012815D1032513E083
:1033500010210B48FEF760F901280DD1082108481B
:10336000FEF75AF9012807D101210648FEF754F962
:1033700010B9012001490870284670BD26000020C0
:10338000001801400008014070B5044600260948B5
:103390000588408845430021084603F061F803F0A2
:1033A00069FA00BF02E004480480761CAE42FAD3FA
:1033B00070BD0000780100200008006C10B50446C4
:1033C00058488471002C58D1F020564908804FF499
:1033D000A07048800846808845F21051884210D17C
:1033E0004FF430504F4908814FF4285048814FF432
:1033F0002C5088814FF4F07008804FF4487048805A
:103400001AE04848808841F6631188420DD12C208B
:10341000444908812B2048812A2088814FF4F0708C
:1034200008804FF44870488006E02C203D49088110
:103430002A2048812B2088813A48808845F2103123
:10344000884205D03748808847F29671884206D175
:103450004FF4A070334908804FF4F0704880314831
:10346000808849F60601884258D14FF4F0702D4902
:1034700008804FF44870488050E04FF4A07029490C
:103480000880F02048800846808845F21051884224
:1034900010D14FF43050234908814FF4285048810F
:1034A0004FF42C5088814FF4487008804FF4F0702E
:1034B000488020E01B48808841F66311884205D08F
:1034C0001848808849F6060188420DD12C201549FC
:1034D00008812A2048812B2088814FF44870088079
:1034E0004FF4F070488006E02C200E4908812A2015
:1034F00048812B2088810B48808845F21031884212
:1035000005D00848808847F29671884206D14FF46A
:10351000F070044908804FF4A0704880002002F049
:1035200081FE10BD7801002070B505460E46144698
:103530003146284602F094FF03F09CF901490C80C3
:1035400070BD00000008006C10B5CF2003F086F9B4
:10355000002003F077F9C12003F074F9302003F064
:1035600071F9ED2003F07AF9642003F06BF9032080
:1035700003F068F9122003F065F9812003F062F985
:10358000E82003F06BF9852003F05CF9102003F0CC
:1035900059F97A2003F056F9CB2003F05FF939206E
:1035A00003F050F92C2003F04DF9002003F04AF904
:1035B000342003F047F9022003F044F9F72003F028
:1035C0004DF9202003F03EF9EA2003F047F90020EE
:1035D00003F038F9002003F035F9C02003F03EF97C
:1035E0001B2003F02FF9C12003F038F9012003F06C
:1035F00029F9C52003F032F9302003F023F93020F7
:1036000003F020F9C72003F029F9B72003F01AF9D5
:10361000362003F023F9482003F014F93A2003F090
:103620001DF9552003F00EF9B12003F017F9002021
:1036300003F008F91A2003F005F9B62003F00EF99B
:103640000A2003F0FFF8A22003F0FCF8F22003F0B8
:1036500005F9002003F0F6F8262003F0FFF801201A
:1036600003F0F0F8E02003F0F9F80F2003F0EAF897
:103670002A2003F0E7F8282003F0E4F8082003F0FC
:10368000E1F80E2003F0DEF8082003F0DBF8542008
:1036900003F0D8F8A92003F0D5F8432003F0D2F8BE
:1036A0000A2003F0CFF80F2003F0CCF8002003F03D
:1036B000C9F8002003F0C6F8002003F0C3F800208A
:1036C00003F0C0F8E12003F0C9F8002003F0BAF8D5
:1036D000152003F0B7F8172003F0B4F8072003F023
:1036E000B1F8112003F0AEF8062003F0ABF82B2060
:1036F00003F0A8F8562003F0A5F83C2003F0A2F848
:10370000052003F09FF8102003F09CF80F2003F031
:1037100099F83F2003F096F83F2003F093F80F202C
:1037200003F090F82B2003F099F8002003F08AF8BA
:10373000002003F087F8012003F084F83F2003F015
:1037400081F82A2003F08AF8002003F07BF800209B
:1037500003F078F8002003F075F8EF2003F072F81A
:10376000112003F07BF87820FFF7C0FB292003F03D
:1037700075F810BD10B5FF2003F070F8FF2003F0BE
:1037800061F8982003F05EF8062003F05BF8BC2097
:1037900003F064F8012003F055F80F2003F052F80D
:1037A000612003F04FF8FF2003F04CF8012003F0F4
:1037B00049F8012003F046F80B2003F043F81020ED
:1037C00003F040F8372003F03DF8632003F03AF8A7
:1037D000FF2003F037F8FF2003F034F8012003F056
:1037E00031F8012003F02EF8002003F02BF8002020
:1037F00003F028F8FF2003F025F8522003F022F808
:10380000012003F01FF8002003F01CF8402003F013
:1038100019F8BD2003F022F8012003F013F823204B
:1038200003F010F8452003F00DF8672003F00AF8C4
:10383000012003F007F8232003F004F8452003F0EB
:1038400001F8672002F0FEFFBE2003F007F8002019
:1038500002F0F8FF012002F0F5FFAB2002F0F2FFCA
:10386000602002F0EFFF222002F0ECFF222002F0A5
:10387000E9FF222002F0E6FF222002F0E3FF2220EF
:1038800002F0E0FFC72002F0E9FF362002F0DAFF85
:10389000ED2002F0E3FF7F2002F0D4FF0F2002F0C2
:1038A000D1FFC02002F0DAFF0F2002F0CBFF0B2087
:1038B00002F0C8FF0A2002F0C5FFFC2002F0CEFF94
:1038C000082002F0BFFFDF2002F0C8FF002002F056
:1038D000B9FF002002F0B6FF002002F0B3FF002085
:1038E00002F0B0FF002002F0ADFF202002F0AAFF9E
:1038F000F32002F0B3FF742002F0A4FFB42002F022
:10390000ADFF002002F09EFF002002F09BFF002090
:1039100002F098FFF72002F0A1FF822002F092FF50
:10392000B12002F09BFF002002F08CFF132002F078
:1039300089FF132002F086FFF22002F08FFF802023
:1039400002F080FF042002F07DFF402002F07AFFA9
:10395000282002F077FFC12002F080FF172002F03C
:1039600071FF882002F06EFF882002F06BFF20209C
:1039700002F068FFE02002F071FF002002F062FF19
:103980000A2002F05FFF122002F05CFF102002F01C
:1039900059FF0E2002F056FF202002F053FFCC20EA
:1039A00002F050FF072002F04DFF062002F04AFF10
:1039B0000B2002F047FF0E2002F044FF0F2002F020
:1039C00041FF0D2002F03EFF152002F03BFF1020CA
:1039D00002F038FF002002F035FFE12002F03EFF48
:1039E000002002F02FFF0B2002F02CFF132002F02A
:1039F00029FF0D2002F026FF0E2002F023FF1B20DE
:103A000002F020FF712002F01DFF062002F01AFFD5
:103A1000062002F017FF0A2002F014FF0F2002F028
:103A200011FF0E2002F00EFF0F2002F00BFF1520F9
:103A300002F008FF0C2002F005FF002002F002FF58
:103A40002A2002F00BFF002002F0FCFE002002F012
:103A5000F9FE012002F0F6FEDF2002F0F3FE2B203B
:103A600002F0FCFE002002F0EDFE002002F0EAFE73
:103A7000032002F0E7FE1F2002F0E4FE3A2002F0ED
:103A8000EDFE552002F0DEFE362002F0E7FE0020BB
:103A900002F0D8FE112002F0E1FE7820FFF726FAAE
:103AA000292002F0DBFE1420FFF720FA2C2002F080
:103AB000D5FE10BD10B5ED2002F0D0FE012002F0C1
:103AC000C1FEFE2002F0BEFEEE2002F0C7FEDE20A8
:103AD00002F0B8FE212002F0B5FEF12002F0BEFE99
:103AE000012002F0AFFEDF2002F0B8FE102002F04D
:103AF000A9FEC42002F0B2FE8F2002F0A3FEC62071
:103B000002F0ACFE002002F09DFEE22002F09AFEE0
:103B1000E22002F097FEE22002F094FEBF2002F0C5
:103B20009DFEAA2002F08EFEB02002F097FE0D202E
:103B300002F088FE002002F085FE0D2002F082FED9
:103B4000002002F07FFE112002F07CFE002002F037
:103B500079FE192002F076FE002002F073FE21208B
:103B600002F070FE002002F06DFE2D2002F06AFED1
:103B7000002002F067FE3D2002F064FE002002F00B
:103B800061FE5D2002F05EFE002002F05BFE5D2023
:103B900002F058FE002002F055FEB12002F05EFE59
:103BA000802002F04FFE002002F04CFE8B2002F03D
:103BB00049FE002002F046FE962002F043FE00205F
:103BC00002F040FEB22002F049FE002002F03AFE70
:103BD000002002F037FE022002F034FE002002F046
:103BE00031FE032002F02EFE002002F02BFEB32057
:103BF00002F034FE002002F025FE002002F022FE3A
:103C0000002002F01FFE002002F01CFE002002F047
:103C100019FE002002F016FE002002F013FE002024
:103C200002F010FE002002F00DFE002002F00AFE5D
:103C3000002002F007FE002002F004FE002002F047
:103C400001FE002002F0FEFD002002F0FBFD00203E
:103C500002F0F8FD002002F0F5FD002002F0F2FD78
:103C6000002002F0EFFD002002F0ECFD002002F049
:103C7000E9FD002002F0E6FD002002F0E3FD002057
:103C800002F0E0FDB42002F0E9FD8B2002F0DAFD45
:103C9000002002F0D7FD962002F0D4FD002002F0B3
:103CA000D1FDA12002F0CEFD002002F0CBFDB52019
:103CB00002F0D4FD022002F0C5FD002002F0C2FD9A
:103CC000032002F0BFFD002002F0BCFD042002F042
:103CD000B9FD002002F0B6FDB62002F0BFFD0020C5
:103CE00002F0B0FD002002F0ADFDB72002F0B6FDFD
:103CF000002002F0A7FD002002F0A4FD3F2002F00A
:103D0000A1FD002002F09EFD5E2002F09BFD002040
:103D100002F098FD642002F095FD002002F092FD73
:103D20008C2002F08FFD002002F08CFDAC2002F010
:103D300089FD002002F086FDDC2002F083FD0020DA
:103D400002F080FD702002F07DFD002002F07AFD7F
:103D5000902002F077FD002002F074FDEB2002F0CD
:103D600071FD002002F06EFDDC2002F06BFD0020F2
:103D700002F068FDB82002F071FD002002F062FD43
:103D8000002002F05FFD002002F05CFD002002F048
:103D900059FD002002F056FD002002F053FD0020E6
:103DA00002F050FD002002F04DFDBA2002F056FD59
:103DB000242002F047FD002002F044FD002002F024
:103DC00041FD002002F03EFDC12002F047FD202011
:103DD00002F038FD002002F035FD542002F032FDE3
:103DE000002002F02FFDFF2002F02CFD002002F049
:103DF00029FDC22002F032FD0A2002F023FD00203E
:103E000002F020FD042002F01DFD002002F01AFD4A
:103E1000C32002F023FD3C2002F014FD002002F03C
:103E200011FD3A2002F00EFD002002F00BFD3920BA
:103E300002F008FD002002F005FD372002F002FD2F
:103E4000002002F0FFFC3C2002F0FCFC002002F00D
:103E5000F9FC362002F0F6FC002002F0F3FC3220E0
:103E600002F0F0FC002002F0EDFC2F2002F0EAFC52
:103E7000002002F0E7FC2C2002F0E4FC002002F01D
:103E8000E1FC292002F0DEFC002002F0DBFC262011
:103E900002F0D8FC002002F0D5FC242002F0D2FC75
:103EA000002002F0CFFC242002F0CCFC002002F025
:103EB000C9FC232002F0C6FC002002F0C3FC3C2019
:103EC00002F0C0FC002002F0BDFC362002F0BAFC7B
:103ED000002002F0B7FC322002F0B4FC002002F017
:103EE000B1FC2F2002F0AEFC002002F0ABFC2C2035
:103EF00002F0A8FC002002F0A5FC292002F0A2FCA0
:103F0000002002F09FFC262002F09CFC002002F022
:103F100099FC242002F096FC002002F093FC24205F
:103F200002F090FC002002F08DFC232002F08AFCBD
:103F3000002002F087FCC42002F090FC622002F016
:103F400081FC002002F07EFC052002F07BFC0020BA
:103F500002F078FC842002F075FC002002F072FC74
:103F6000F02002F06FFC002002F06CFC182002F040
:103F700069FC002002F066FCA42002F063FC002033
:103F800002F060FC182002F05DFC002002F05AFCF8
:103F9000502002F057FC002002F054FC0C2002F0EC
:103FA00051FC002002F04EFC172002F04BFC0020D8
:103FB00002F048FC952002F045FC002002F042FC93
:103FC000F32002F03FFC002002F03CFCE62002F06F
:103FD00039FC002002F036FCC52002F03FFC322004
:103FE00002F030FC002002F02DFC442002F02AFCFC
:103FF000002002F027FC652002F024FC002002F0E3
:1040000021FC762002F01EFC002002F01BFC882020
:1040100002F018FC002002F015FCC62002F01EFC85
:10402000202002F00FFC002002F00CFC172002F010
:1040300009FC002002F006FC012002F003FC002035
:1040400002F000FCC72002F009FC002002F0FAFB9D
:10405000002002F0F7FB002002F0F4FB002002F049
:10406000F1FBC82002F0FAFB002002F0EBFB00207D
:1040700002F0E8FB002002F0E5FB002002F0E2FB8A
:10408000C92002F0EBFB002002F0DCFB002002F074
:10409000D9FB002002F0D6FB002002F0D3FB002069
:1040A00002F0D0FB002002F0CDFB002002F0CAFBA2
:1040B000002002F0C7FB002002F0C4FB002002F049
:1040C000C1FB002002F0BEFB002002F0BBFB002081
:1040D00002F0B8FB002002F0B5FB002002F0B2FBBA
:1040E000002002F0AFFBE02002F0B8FB162002F047
:1040F000A9FB002002F0A6FB1C2002F0A3FB00207D
:1041000002F0A0FB212002F09DFB002002F09AFBB0
:10411000362002F097FB002002F094FB462002F0CC
:1041200091FB002002F08EFB522002F08BFB00205E
:1041300002F088FB642002F085FB002002F082FB85
:104140007A2002F07FFB002002F07CFB8B2002F043
:1041500079FB002002F076FB992002F073FB00202F
:1041600002F070FBA82002F06DFB002002F06AFB59
:10417000B92002F067FB002002F064FBC42002F0CB
:1041800061FB002002F05EFBCA2002F05BFB002016
:1041900002F058FBD22002F055FB002002F052FB47
:1041A000D92002F04FFB002002F04CFBE02002F08F
:1041B00049FB002002F046FBF32002F043FB002005
:1041C00002F040FBE12002F049FB162002F03AFB2E
:1041D000002002F037FB1C2002F034FB002002F02C
:1041E00031FB222002F02EFB002002F02BFB3620B8
:1041F00002F028FB002002F025FB452002F022FB04
:10420000002002F01FFB522002F01CFB002002F0F5
:1042100019FB642002F016FB002002F013FB7A2049
:1042200002F010FB002002F00DFB8B2002F00AFBD5
:10423000002002F007FB992002F004FB002002F0AE
:1042400001FBA82002F0FEFA002002F0FBFAB920E0
:1042500002F0F8FA002002F0F5FAC42002F0F2FAB7
:10426000002002F0EFFACA2002F0ECFA002002F07F
:10427000E9FAD22002F0E6FA002002F0E3FAD820B0
:1042800002F0E0FA002002F0DDFAE02002F0DAFAB3
:10429000002002F0D7FAF32002F0D4FA002002F056
:1042A000D1FAE22002F0DAFA052002F0CBFA00207F
:1042B00002F0C8FA0B2002F0C5FA002002F0C2FAA0
:1042C0001B2002F0BFFA002002F0BCFA342002F0FA
:1042D000B9FA002002F0B6FA442002F0B3FA002046
:1042E00002F0B0FA4F2002F0ADFA002002F0AAFA74
:1042F000612002F0A7FA002002F0A4FA792002F06F
:10430000A1FA002002F09EFA882002F09BFA002019
:1043100002F098FA972002F095FA002002F092FA43
:10432000A62002F08FFA002002F08CFAB72002F0EB
:1043300089FA002002F086FAC22002F083FA0020F7
:1043400002F080FAC72002F07DFA002002F07AFA2B
:10435000D12002F077FA002002F074FAD62002F0A1
:1043600071FA002002F06EFADD2002F06BFA0020F4
:1043700002F068FAF32002F065FA002002F062FA17
:10438000E32002F06BFA052002F05CFA002002F054
:1043900059FA0A2002F056FA002002F053FA1C20C3
:1043A00002F050FA002002F04DFA332002F04AFAEF
:1043B000002002F047FA442002F044FA002002F004
:1043C00041FA502002F03EFA002002F03BFA62204F
:1043D00002F038FA002002F035FA782002F032FAC2
:1043E000002002F02FFA882002F02CFA002002F0C0
:1043F00029FA972002F026FA002002F023FAA620DC
:1044000002F020FA002002F01DFAB72002F01AFA9A
:10441000002002F017FAC22002F014FA002002F085
:1044200011FAC72002F00EFA002002F00BFAD12098
:1044300002F008FA002002F005FAD52002F002FA94
:10444000002002F0FFF9DD2002F0FCF9002002F06C
:10445000F9F9F32002F0F6F9002002F0F3F9E42074
:1044600002F0FCF9012002F0EDF9002002F0EAF977
:10447000012002F0E7F9002002F0E4F9022002F046
:10448000E1F9002002F0DEF92A2002F0DBF9002039
:1044900002F0D8F93C2002F0D5F9002002F0D2F960
:1044A0004B2002F0CFF9002002F0CCF95D2002F0A1
:1044B000C9F9002002F0C6F9742002F0C3F9002007
:1044C00002F0C0F9842002F0BDF9002002F0BAF930
:1044D000932002F0B7F9002002F0B4F9A22002F014
:1044E000B1F9002002F0AEF9B32002F0ABF90020E0
:1044F00002F0A8F9BE2002F0A5F9002002F0A2F90E
:10450000C42002F09FF9002002F09CF9CD2002F0B7
:1045100099F9002002F096F9D32002F093F90020D7
:1045200002F090F9DD2002F08DF9002002F08AF906
:10453000F32002F087F9002002F084F9E52002F070
:104540008DF9002002F07EF9002002F07BF90020B6
:1045500002F078F9002002F075F9022002F072F9F9
:10456000002002F06FF9292002F06CF9002002F01F
:1045700069F93C2002F066F9002002F063F94B2053
:1045800002F060F9002002F05DF95D2002F05AF9B6
:10459000002002F057F9742002F054F9002002F0D4
:1045A00051F9842002F04EF9002002F04BF99320DB
:1045B00002F048F9002002F045F9A22002F042F989
:1045C000002002F03FF9B32002F03CF9002002F095
:1045D00039F9BE2002F036F9002002F033F9C42088
:1045E00002F030F9002002F02DF9CD2002F02AF976
:1045F000002002F027F9D32002F024F9002002F075
:1046000021F9DC2002F01EF9002002F01BF9F32052
:1046100002F018F9002002F015F9E62002F01EF968
:10462000112002F00FF9002002F00CF9342002F002
:1046300009F9002002F006F9562002F003F90020E3
:1046400002F000F9762002F0FDF8002002F0FAF8FE
:10465000772002F0F7F8002002F0F4F8662002F06C
:10466000F1F8002002F0EEF8882002F0EBF80020CC
:1046700002F0E8F8992002F0E5F8002002F0E2F8F4
:10468000BB2002F0DFF8002002F0DCF8992002F0F5
:10469000D9F8002002F0D6F8662002F0D3F8002006
:1046A00002F0D0F8552002F0CDF8002002F0CAF850
:1046B000552002F0C7F8002002F0C4F8452002F0AF
:1046C000C1F8002002F0BEF8432002F0BBF8002041
:1046D00002F0B8F8442002F0B5F8002002F0B2F879
:1046E000E72002F0BBF8322002F0ACF8002002F024
:1046F000A9F8552002F0A6F8002002F0A3F87620D1
:1047000002F0A0F8002002F09DF8662002F09AF86E
:10471000002002F097F8672002F094F8002002F0E1
:1047200091F8672002F08EF8002002F08BF88720C5
:1047300002F088F8002002F085F8992002F082F853
:10474000002002F07FF8BB2002F07CF8002002F08D
:1047500079F8992002F076F8002002F073F87720BB
:1047600002F070F8002002F06DF8442002F06AF8C0
:10477000002002F067F8562002F064F8002002F0F2
:1047800061F8232002F05EF8002002F05BF833208D
:1047900002F058F8002002F055F8452002F052F8D7
:1047A000002002F04FF8E82002F058F8002002F054
:1047B00049F8002002F046F8992002F043F8002062
:1047C00002F040F8872002F03DF8002002F03AF8AD
:1047D000882002F037F8002002F034F8772002F049
:1047E00031F8002002F02EF8662002F02BF80020AD
:1047F00002F028F8882002F025F8002002F022F8C4
:10480000AA2002F01FF8002002F01CF8BB2002F0E2
:1048100019F8002002F016F8992002F013F8002091
:1048200002F010F8662002F00DF8002002F00AF8FD
:10483000552002F007F8002002F004F8552002F09D
:1048400001F8002001F0FEFF442001F0FBFF0020F2
:1048500001F0F8FF442001F0F5FF002001F0F2FF25
:10486000552001F0EFFF002001F0ECFFE92001F0FE
:10487000F5FFAA2001F0E6FF002001F0E3FF002091
:1048800001F0E0FF002001F0DDFF002001F0E6FF75
:10489000AA2001F0D7FFCF2001F0E0FF002001F0B7
:1048A000D1FF002001F0CEFF002001F0CBFF00205F
:1048B00001F0C8FF002001F0C5FF002001F0C2FF99
:1048C000002001F0BFFF002001F0BCFF002001F03C
:1048D000B9FF002001F0B6FF002001F0B3FF002077
:1048E00001F0B0FF002001F0ADFF002001F0AAFFB1
:1048F000002001F0A7FF002001F0A4FF002001F03C
:10490000A1FFF02001F0AAFF002001F09BFF502042
:1049100001F098FF002001F095FF002001F092FFC8
:10492000002001F08FFFF32001F098FF002001F03C
:1049300089FFF92001F092FF062001F083FF10208B
:1049400001F080FF292001F07DFF002001F07AFFB7
:104950003A2001F083FF552001F074FF112001F08F
:104960007DFF6420FEF7C2FA292001F077FF352091
:1049700001F074FF002001F065FF512001F06EFF8F
:10498000FF2001F05FFF532001F068FF2C2001F0B1
:1049900059FF552001F062FF822001F053FF2C20C7
:1049A00001F05CFF10BD10B555214FF4704001F0CF
:1049B0006BFFAA214FF2010001F066FF52214FF276
:1049C000020001F061FF08214FF2030001F05CFFDB
:1049D00001214FF2040001F057FF0D214FF4304048
:1049E00001F052FF0D214BF2010001F04DFF0D21AE
:1049F0004BF2020001F048FF34214FF4364001F041
:104A000043FF34214BF2016001F03EFF34214BF2B1
:104A1000026001F039FF0D214FF4314001F034FF05
:104A20000D214BF2011001F02FFF0D214BF202106E
:104A300001F02AFF34214FF4374001F025FF3421E3
:104A40004BF2017001F020FF34214BF2027001F0B3
:104A50001BFF00214FF4324001F016FF00214BF202
:104A6000012001F011FF00214BF2022001F00CFFA8
:104A700024214FF4384001F007FF24214BF60100B8
:104A800001F002FF24214BF6020001F0FDFE01219E
:104A90004FF43F4001F0F8FE0F214FF4334001F096
:104AA000F3FE0F214BF2013001F0EEFE0F214BF22D
:104AB000023001F0E9FE34214FF4394001F0E4FE08
:104AC00034214BF6011001F0DFFE34214BF60210C9
:104AD00001F0DAFE08214FF4354001F0D5FE08213F
:104AE0004BF2015001F0D0FE08214BF2025001F0D0
:104AF000CBFE03214FF4424001F0C6FE24214FF4C7
:104B00003A4001F0C1FE24214BF6012001F0BCFE29
:104B100024214BF6022001F0B7FE00214FF43C4067
:104B200001F0B2FE78214BF6014001F0ADFE00210C
:104B30004BF6024001F0A8FE00214FF43D4001F089
:104B4000A3FE78214BF6015001F09EFE00214BF6AA
:104B5000025001F099FE00214FF43E4001F094FE16
:104B600064214BF6016001F08FFE00214FF45140AB
:104B700001F08AFE33214DF2011001F085FE002183
:104B80004DF2021001F080FE34214DF2031001F0CD
:104B90007BFE00214DF2041001F076FE3A214DF229
:104BA000051001F071FE00214DF2061001F06CFEBF
:104BB0004A214DF2071001F067FE00214DF2081066
:104BC00001F062FE5C214DF2091001F05DFE002152
:104BD0004DF20A1001F058FE81214DF20B1001F048
:104BE00053FE00214DF20C1001F04EFEA6214DF2B5
:104BF0000D1001F049FE00214DF20E1001F044FEAF
:104C0000E5214DF20F1001F03FFE01214DF2101091
:104C100001F03AFE13214DF2111001F035FE012191
:104C20004DF2121001F030FE54214DF2131001F03C
:104C30002BFE01214DF2141001F026FE82214DF2CF
:104C4000151001F021FE01214DF2161001F01CFE9D
:104C5000CA214DF2171001F017FE02214DF2181073
:104C600001F012FE00214DF2191001F00DFE02219B
:104C70004DF21A1001F008FE01214DF21B1001F057
:104C800003FE02214DF21C1001F0FEFD34214DF215
:104C90001D1001F0F9FD02214DF21E1001F0F4FD8E
:104CA00067214DF21F1001F0EFFD02214DF220109F
:104CB00001F0EAFD84214DF2211001F0E5FD022111
:104CC0004DF2221001F0E0FDA4214DF2231001F07D
:104CD000DBFD02214DF2241001F0D6FDB7214DF28B
:104CE000251001F0D1FD02214DF2261001F0CCFD7E
:104CF000CF214DF2271001F0C7FD02214DF22810FF
:104D000001F0C2FDDE214DF2291001F0BDFD0221AE
:104D10004DF22A1001F0B8FDF2214DF22B1001F0F6
:104D2000B3FD02214DF22C1001F0AEFDFE214DF23B
:104D30002D1001F0A9FD03214DF22E1001F0A4FD6C
:104D400010214DF22F1001F09FFD03214DF2301084
:104D500001F09AFD33214DF2311001F095FD032150
:104D60004DF2321001F090FD6D214DF2331001F043
:104D70008BFD00214FF4524001F086FD33214DF2AE
:104D8000012001F081FD00214DF2022001F07CFDA7
:104D900034214DF2032001F077FD00214DF2042073
:104DA00001F072FD3A214DF2052001F06DFD002168
:104DB0004DF2062001F068FD4A214DF2072001F076
:104DC00063FD00214DF2082001F05EFD5C214DF2F3
:104DD000092001F059FD00214DF20A2001F054FD97
:104DE00081214DF20B2001F04FFD00214DF20C20EE
:104DF00001F04AFDA6214DF20D2001F045FD0021F4
:104E00004DF20E2001F040FDE5214DF20F2001F0A2
:104E10003BFD01214DF2102001F036FD13214DF232
:104E2000112001F031FD01214DF2122001F02CFD85
:104E300054214DF2132001F027FD01214DF21420E1
:104E400001F022FD82214DF2152001F01DFD01210E
:104E50004DF2162001F018FDCA214DF2172001F085
:104E600013FD02214DF2182001F00EFD00214DF23C
:104E7000192001F009FD02214DF21A2001F004FD74
:104E800001214DF21B2001F0FFFC02214DF21C20FC
:104E900001F0FAFC34214DF21D2001F0F5FC022155
:104EA0004DF21E2001F0F0FC67214DF21F2001F0B1
:104EB000EBFC02214DF2202001F0E6FC84214DF2B2
:104EC000212001F0E1FC02214DF2222001F0DCFC66
:104ED000A4214DF2232001F0D7FC02214DF2242021
:104EE00001F0D2FCB7214DF2252001F0CDFC0221CA
:104EF0004DF2262001F0C8FCCF214DF2272001F011
:104F0000C3FC02214DF2282001F0BEFCDE214DF24F
:104F1000292001F0B9FC02214DF22A2001F0B4FC55
:104F2000F2214DF22B2001F0AFFC02214DF22C209A
:104F300001F0AAFCFE214DF22D2001F0A5FC032179
:104F40004DF22E2001F0A0FC10214DF22F2001F097
:104F50009BFC03214DF2302001F096FC33214DF2F1
:104F6000312001F091FC03214DF2322001F08CFC44
:104F70006D214DF2332001F087FC00214FF45340A6
:104F800001F082FC33214DF2013001F07DFC002163
:104F90004DF2023001F078FC34214DF2033001F083
:104FA00073FC00214DF2043001F06EFC3A214DF209
:104FB000053001F069FC00214DF2063001F064FC7F
:104FC0004A214DF2073001F05FFC00214DF208301C
:104FD00001F05AFC5C214DF2093001F055FC002132
:104FE0004DF20A3001F050FC81214DF20B3001F0FE
:104FF0004BFC00214DF20C3001F046FCA6214DF295
:105000000D3001F041FC00214DF20E3001F03CFC6E
:10501000E5214DF20F3001F037FC01214DF2103047
:1050200001F032FC13214DF2113001F02DFC012171
:105030004DF2123001F028FC54214DF2133001F0F2
:1050400023FC01214DF2143001F01EFC82214DF2AF
:10505000153001F019FC01214DF2163001F014FC5D
:10506000CA214DF2173001F00FFC02214DF2183029
:1050700001F00AFC00214DF2193001F005FC02217B
:105080004DF21A3001F000FC01214DF21B3001F00D
:10509000FBFB02214DF21C3001F0F6FB34214DF2F6
:1050A0001D3001F0F1FB02214DF21E3001F0ECFB4E
:1050B00067214DF21F3001F0E7FB02214DF2203055
:1050C00001F0E2FB84214DF2213001F0DDFB0221F1
:1050D0004DF2223001F0D8FBA4214DF2233001F033
:1050E000D3FB02214DF2243001F0CEFBB7214DF26B
:1050F000253001F0C9FB02214DF2263001F0C4FB3E
:10510000CF214DF2273001F0BFFB02214DF22830B4
:1051100001F0BAFBDE214DF2293001F0B5FB02218E
:105120004DF22A3001F0B0FBF2214DF22B3001F0AC
:10513000ABFB02214DF22C3001F0A6FBFE214DF21B
:105140002D3001F0A1FB03214DF22E3001F09CFB2C
:1051500010214DF22F3001F097FB03214DF230303A
:1051600001F092FB33214DF2313001F08DFB032130
:105170004DF2323001F088FB6D214DF2333001F0F9
:1051800083FB00214FF4544001F07EFB33214DF2AC
:10519000014001F079FB00214DF2024001F074FB67
:1051A00034214DF2034001F06FFB00214DF2044029
:1051B00001F06AFB3A214DF2054001F065FB002148
:1051C0004DF2064001F060FB4A214DF2074001F02C
:1051D0005BFB00214DF2084001F056FB5C214DF2D3
:1051E000094001F051FB00214DF20A4001F04CFB57
:1051F00081214DF20B4001F047FB00214DF20C40A4
:1052000001F042FBA6214DF20D4001F03DFB0021D3
:105210004DF20E4001F038FBE5214DF20F4001F058
:1052200033FB01214DF2104001F02EFB13214DF212
:10523000114001F029FB01214DF2124001F024FB45
:1052400054214DF2134001F01FFB01214DF2144097
:1052500001F01AFB82214DF2154001F015FB0121EE
:105260004DF2164001F010FBCA214DF2174001F03B
:105270000BFB02214DF2184001F006FB00214DF21C
:10528000194001F001FB02214DF21A4001F0FCFA35
:1052900001214DF21B4001F0F7FA02214DF21C40B2
:1052A00001F0F2FA34214DF21D4001F0EDFA022135
:1052B0004DF21E4001F0E8FA67214DF21F4001F067
:1052C000E3FA02214DF2204001F0DEFA84214DF292
:1052D000214001F0D9FA02214DF2224001F0D4FA26
:1052E000A4214DF2234001F0CFFA02214DF22440D7
:1052F00001F0CAFAB7214DF2254001F0C5FA0221AA
:105300004DF2264001F0C0FACF214DF2274001F0C6
:10531000BBFA02214DF2284001F0B6FADE214DF22F
:10532000294001F0B1FA02214DF22A4001F0ACFA15
:10533000F2214DF22B4001F0A7FA02214DF22C4050
:1053400001F0A2FAFE214DF22D4001F09DFA032159
:105350004DF22E4001F098FA10214DF22F4001F04D
:1053600093FA03214DF2304001F08EFA33214DF2D1
:10537000314001F089FA03214DF2324001F084FA04
:105380006D214DF2334001F07FFA00214FF455407A
:1053900001F07AFA33214DF2015001F075FA002143
:1053A0004DF2025001F070FA34214DF2035001F039
:1053B0006BFA00214DF2045001F066FA3A214DF2E9
:1053C000055001F061FA00214DF2065001F05CFA3F
:1053D0004A214DF2075001F057FA00214DF20850D2
:1053E00001F052FA5C214DF2095001F04DFA002112
:1053F0004DF20A5001F048FA81214DF20B5001F0B4
:1054000043FA00214DF20C5001F03EFAA6214DF274
:105410000D5001F039FA00214DF20E5001F034FA2E
:10542000E5214DF20F5001F02FFA01214DF21050FD
:1054300001F02AFA13214DF2115001F025FA012151
:105440004DF2125001F020FA54214DF2135001F0A8
:105450001BFA01214DF2145001F016FA82214DF28F
:10546000155001F011FA01214DF2165001F00CFA1D
:10547000CA214DF2175001F007FA02214DF21850DF
:1054800001F002FA00214DF2195001F0FDF902215C
:105490004DF21A5001F0F8F901214DF21B5001F0C4
:1054A000F3F902214DF21C5001F0EEF934214DF2D6
:1054B0001D5001F0E9F902214DF21E5001F0E4F90E
:1054C00067214DF21F5001F0DFF902214DF220500B
:1054D00001F0DAF984214DF2215001F0D5F90221D1
:1054E0004DF2225001F0D0F9A4214DF2235001F0E9
:1054F000CBF902214DF2245001F0C6F9B7214DF24B
:10550000255001F0C1F902214DF2265001F0BCF9FD
:10551000CF214DF2275001F0B7F902214DF228506A
:1055200001F0B2F9DE214DF2295001F0ADF902216E
:105530004DF22A5001F0A8F9F2214DF22B5001F062
:10554000A3F902214DF22C5001F09EF9FE214DF2FB
:105550002D5001F099F903214DF22E5001F094F9EC
:1055600010214DF22F5001F08FF903214DF23050F0
:1055700001F08AF933214DF2315001F085F9032110
:105580004DF2325001F080F96D214DF2335001F0AF
:105590007BF900214FF4564001F076F933214DF2AA
:1055A000016001F071F900214DF2026001F06CF927
:1055B00034214DF2036001F067F900214DF20460DF
:1055C00001F062F93A214DF2056001F05DF9002128
:1055D0004DF2066001F058F94A214DF2076001F0E2
:1055E00053F900214DF2086001F04EF95C214DF2B3
:1055F000096001F049F900214DF20A6001F044F917
:1056000081214DF20B6001F03FF900214DF20C6059
:1056100001F03AF9A6214DF20D6001F035F90021B3
:105620004DF20E6001F030F9E5214DF20F6001F00E
:105630002BF901214DF2106001F026F913214DF2F2
:10564000116001F021F901214DF2126001F01CF905
:1056500054214DF2136001F017F901214DF214604D
:1056600001F012F982214DF2156001F00DF90121CE
:105670004DF2166001F008F9CA214DF2176001F0F1
:1056800003F902214DF2186001F0FEF800214DF2FD
:10569000196001F0F9F802214DF21A6001F0F4F8F6
:1056A00001214DF21B6001F0EFF802214DF21C6068
:1056B00001F0EAF834214DF21D6001F0E5F8022115
:1056C0004DF21E6001F0E0F867214DF21F6001F01D
:1056D000DBF802214DF2206001F0D6F884214DF272
:1056E000216001F0D1F802214DF2226001F0CCF8E6
:1056F000A4214DF2236001F0C7F802214DF224608D
:1057000001F0C2F8B7214DF2256001F0BDF8022189
:105710004DF2266001F0B8F8CF214DF2276001F07C
:10572000B3F802214DF2286001F0AEF8DE214DF20F
:10573000296001F0A9F802214DF22A6001F0A4F8D5
:10574000F2214DF22B6001F09FF802214DF22C6006
:1057500001F09AF8FE214DF22D6001F095F8032139
:105760004DF22E6001F090F810214DF22F6001F003
:105770008BF803214DF2306001F086F833214DF2B1
:10578000316001F081F803214DF2326001F07CF8C4
:105790006D214DF2336001F077F855214FF47040E0
:1057A00001F072F8AA214FF2010001F06DF85221C8
:1057B0004FF2020001F068F808214FF2030001F0F7
:1057C00063F800214FF2040001F05EF8CC214FF4A1
:1057D000314001F059F800214BF2011001F054F86A
:1057E00005214FF4364001F04FF870214FF4374057
:1057F00001F04AF870214BF2017001F045F80121E7
:105800004FF4384001F040F803214BF6010001F05D
:105810003BF803214BF6020001F036F803214BF66A
:10582000030001F031F802214FF43C4001F02CF864
:1058300000214BF6014001F027F800214BF6024011
:1058400001F022F8D0214FF4494001F01DF8022167
:105850004CF6011001F018F850214CF6021001F03E
:1058600013F850214CF6031001F00EF850214CF6BD
:10587000041001F009F800214FF4545001F004F82D
:1058800055214FF4685000F0FFFF4FF4885000F0AE
:10589000E5FF7820FDF734FB4FF4245000F0DEFFE5
:1058A00010BD10B5E22000F0D9FF1D2000F0CAFFA6
:1058B000022000F0C7FF042000F0C4FF6420FDF7C1
:1058C0001FFBE02000F0CAFF012000F0BBFF0A2010
:1058D000FDF70CFBE02000F0C1FF032000F0B2FF59
:1058E0000C20FDF703FB012000F0B8FF0A20FDF7B4
:1058F000FDFAE62000F0B2FF2F2000F0A3FFFF200A
:1059000000F0A0FFFF2000F09DFFB02000F0A6FFF8
:10591000202000F097FF002000F094FF032000F00B
:1059200091FF40F21F3000F08DFF012000F08AFF50
:1059300040F2DF1000F086FF002000F083FFB4206B
:1059400000F08CFF042000F07DFF40F21F4000F0CB
:1059500079FF002000F076FF2E2000F073FF00207A
:1059600000F070FF002000F06DFF002000F06AFFE3
:10597000002000F067FFB62000F070FF022000F06A
:1059800061FF4FF4037000F05DFF002000F05AFF4C
:10599000172000F057FF152000F054FF002000F002
:1059A00051FF002000F04EFFF02000F057FF0320D1
:1059B00000F048FF292000F051FFD02000F04EFFFA
:1059C000002000F03FFFBE2000F048FF052000F05F
:1059D00039FFFE2000F036FF012000F033FF0020E9
:1059E00000F030FF002000F02DFF002000F02AFF23
:1059F000B82000F033FF032000F024FF012000F066
:105A000021FFBA2000F02AFF012000F01BFF10BD8B
:105A100010B5112000F022FF7820FDF767FA36203C
:105A200000F01CFF002000F00DFF3A2000F016FFF0
:105A3000052000F007FFB22000F010FF0C2000F05E
:105A400001FF0C2000F0FEFE002000F0FBFE3320E2
:105A500000F0F8FE332000F0F5FEB72000F0FEFE67
:105A6000352000F0EFFEBB2000F0F8FE322000F001
:105A7000E9FEC02000F0F2FE0C2000F0E3FEC220A0
:105A800000F0ECFE012000F0DDFEC32000F0E6FE99
:105A9000102000F0D7FEC42000F0E0FE202000F02F
:105AA000D1FEC62000F0DAFE0F2000F0CBFED020A1
:105AB00000F0D4FEA42000F0C5FEA12000F0C2FE3C
:105AC000E02000F0CBFED02000F0BCFE002000F073
:105AD000B9FE022000F0B6FE072000F0B3FE0A2057
:105AE00000F0B0FE282000F0ADFE322000F0AAFE4B
:105AF000442000F0A7FE422000F0A4FE062000F0A3
:105B0000A1FE0E2000F09EFE122000F09BFE14204D
:105B100000F098FE172000F095FEE12000F09EFEB8
:105B2000D02000F08FFE002000F08CFE022000F05C
:105B300089FE072000F086FE0A2000F083FE282060
:105B400000F080FE312000F07DFE542000F07AFE4F
:105B5000472000F077FE0E2000F074FE1C2000F0BD
:105B600071FE172000F06EFE1B2000F06BFE1E2061
:105B700000F068FE2A2000F071FE002000F062FEB6
:105B8000002000F05FFE002000F05CFEEF2000F03F
:105B900059FE2B2000F062FE002000F053FE002092
:105BA00000F050FE012000F04DFE3F2000F04AFEC4
:105BB000292000F053FE10BD10B5112000F04EFE5C
:105BC0007820FDF793F9362000F048FE482000F0D9
:105BD00039FE3A2000F042FE552000F033FEF0205E
:105BE00000F03CFEC32000F02DFEF02000F036FE59
:105BF000962000F027FEB42000F030FE012000F0D7
:105C000021FEB62000F02AFE0A2000F01BFEA22092
:105C100000F018FEB72000F021FEC62000F012FEB2
:105C2000B92000F01BFE022000F00CFEE02000F086
:105C300009FEC02000F012FE802000F003FE1620B6
:105C400000F000FEC12000F009FE192000F0FAFD6E
:105C5000C22000F003FEA72000F0F4FDC52000F0F4
:105C6000FDFD162000F0EEFDE82000F0F7FD4020DD
:105C700000F0E8FD8A2000F0E5FD002000F0E2FDE4
:105C8000002000F0DFFD292000F0DCFD192000F0ED
:105C9000D9FDA52000F0D6FD332000F0D3FDE02093
:105CA00000F0DCFDF02000F0CDFD072000F0CAFD83
:105CB0000D2000F0C7FD042000F0C4FD052000F019
:105CC000C1FD142000F0BEFD362000F0BBFD5420C5
:105CD00000F0B8FD4C2000F0B5FD382000F0B2FD1A
:105CE000132000F0AFFD142000F0ACFD2E2000F0DA
:105CF000A9FD342000F0A6FDE12000F0AFFDF0206A
:105D000000F0A0FD102000F09DFD142000F09AFD91
:105D10000E2000F097FD0C2000F094FD082000F00C
:105D200091FD352000F08EFD442000F08BFD4C20CD
:105D300000F088FD262000F085FD102000F082FD97
:105D4000122000F07FFD2C2000F07CFD322000F0BE
:105D500079FDF02000F082FD3C2000F073FDF02082
:105D600000F07CFD692000F06DFD7820FDF7BEF8A5
:105D7000212000F073FD292000F070FD10BD00000F
:105D800000B593B000BF00BFF948806940F480704F
:105D9000F74988610846806900F48070009000BF70
:105DA00000BF00BF00BF00BF0846806940F0200070
:105DB00088610846806900F02000009000BF00BFA5
:105DC00000BF00BF00BF0846806940F02000886126
:105DD0000846806900F02000009000BF00BF00BFAF
:105DE00000BF00BF0846806940F4807088610846A3
:105DF000806900F48070009000BF00BF00BF00BF4A
:105E000000BF0846806940F0080088610846806944
:105E100000F00800009000BF00BF00BF88140F9082
:105E20000220109001201190032012900FA9D14858
:105E3000FBF752FA20200F900FA9CF48FBF74CFA3E
:105E400010200F900FA9CC48FBF746FA01200F90C5
:105E50000FA9C848FBF740FA01200F9010900FA936
:105E6000C648FBF739FA4FF02040C5490860C548DD
:105E70004860062088600021C148C160102141614E
:105E800000218161C16141624FF480518162002132
:105E9000C1624FF4804101630021416381630020AE
:105EA000089009900F200A9000200E900190029017
:105EB000012003900020079001AA08A9B048FCF730
:105EC0000DF93220FDF712F8D32000F0C7FC00F0E6
:105ED0009DF9AD49888000F099F9AB49888000F0C0
:105EE00095F9A9498880084680884FF6FF7101EA34
:105EF0000020A549888000F089F9A34989880843D2
:105F0000A14988800846808849F2413188427CD086
:105F1000042000F0A3FC00F079F99B49888000F090
:105F200075F99949888000F071F997498880084689
:105F300080884FF6FF7101EA00209349888000F0C5
:105F400065F99149898808438F4988800846808887
:105F500048F25251884203D147F289708A498880B9
:105F60008948808847F289718842D0D0D42000F0D7
:105F700075FC00F04BF98449888000F047F98249AC
:105F8000888000F043F980498880084680884FF671
:105F9000FF7101EA00207C49888000F037F97A49D6
:105FA00089880843784988800846808845F21031FE
:105FB0008842ACD0D32000F051FC00F027F97249A0
:105FC000888000F023F97049888000F01FF96E493D
:105FD0008880084680884FF6FF7101EA00206A49F0
:105FE000888000F013F968498988084366498880E9
:105FF0000846808847F29671884288D055214FF430
:10600000704000F041FCAA2100E07EE04FF2010068
:1060100000F03AFC52214FF2020000F035FC08215A
:106020004FF2030000F030FC01214FF2040000F0B9
:106030002BFC4FF4454000F011FC00F0E7F852490A
:106040008880084680884FF6FF7101EA00204E499B
:1060500088804CF2015000F001FC00F0D7F84A496A
:1060600089880843484988800520FCF73FFF464857
:10607000808845F21051884247D0D32000F0EEFBD3
:1060800000F0C4F84049888000F0C0F83E4988809C
:1060900000F0BCF83C498880084680884FF6FF71C4
:1060A00001EA00203849888000F0B0F83649898834
:1060B0000843354988800846808849F606018842A9
:1060C00023D0A12000F0CAFB00F0A0F82E49888060
:1060D00000F09CF82C498880084680884FF6FF71B4
:1060E00001EA00202849888000F090F82649898834
:1060F0000843254988800846808845F261718842B6
:1061000003D141F66310204988801F4881881FA071
:10611000FCF794FB1C48808847F28971884202D1C1
:10612000FFF776FC4CE01848808849F241318842FC
:1061300002D1FDF709FA43E01348808845F2103197
:10614000884202D1FDF7B6FC3AE00F48808847F25A
:106150009671884202D1FFF72FFD31E00A4880880E
:1061600045F21051884217D1FEF71DFC28E00000CF
:10617000001002400020014000140140000C0140CA
:1061800030010020040100A0780100204C4344208D
:1061900049443A25780D0A001148808849F60601DD
:1061A000884202D1FDF7E6FA0AE00D48808841F600
:1061B0006311884204D1FFF774FB642000F018FBE0
:1061C0000020FDF7FBF800BF012211460548FBF750
:1061D00035FA00BF4FF6FF70FDF7D6F813B000BDDB
:1061E00078010020000C014000BF011EA0F1010059
:1061F000FBD1704710B50246012000E050430B1E52
:10620000A1F10104E1B2F9D110BD000008B50220EE
:10621000FFF7EAFF024800880090BDF8000008BDC3
:106220000008006CF0B50546002400278B488079F3
:10623000012805D18948808841F66311884208D138
:1062400086488079F0B98548808841F66311884294
:1062500018D1082D15D2DFE805F00406080A0C0E47
:10626000101206250DE007250BE0042509E00525A1
:1062700007E0012505E0002503E0032501E00225F4
:1062800000BF00BF082D1CD2DFE805F00406090C92
:106290000F12151800BF14E044F0800411E044F020
:1062A00040040EE044F0C0040BE044F0200408E099
:1062B00044F0600405E044F0A00402E044F0E0048F
:1062C00000BF00BF36276548808845F210518842DC
:1062D00000D13F026148808849F2413188420BD0A9
:1062E0005E48808847F28971884205D05B48808883
:1062F00047F29671884201D144F00804214638469D
:1063000000F0C2FA5548808841F6631188421DD0DA
:1063100004F0200068B151480088504949888842FB
:1063200014DA4E48068840884C4908800846468062
:106330000CE04A48008849494988884206DD4748B8
:10634000068840884549088008464680434880883A
:1063500045F21051884252D14049488900F07EFAF6
:10636000002000F06FFA3D494989491C88B200F0CD
:1063700075FA002000F066FA38494989891C88B20C
:1063800000F06CFA35490988491EC1F30F2000F06E
:1063900059FA32494989C91C88B200F05FFA2F497D
:1063A0000978491EC8B200F04DFA2C49888900F0DE
:1063B00055FA002000F046FA28498989491C88B21C
:1063C00000F04CFA002000F03DFA24498989891C2C
:1063D00088B200F043FA21494988491EC1F30F20D1
:1063E00000F030FA1D498989C91C88B200F036FADC
:1063F0001A498978491EC8B200F024FA2DE01749DD
:10640000488900F02BFA002000F01CFA002000F070
:1064100019FA12490988491EC1F30F2000F012FA37
:106420000E490978491EC8B200F00CFA0B49888958
:1064300000F014FA002000F005FA002000F002FA43
:1064400006494988491EC1F30F2000F0FBF90349B2
:106450008978491EC8B200F0F5F9F0BD7801002036
:1064600010B502460C464548808841F663118842C3
:1064700047D142488079A8B940480088401E801A18
:1064800082B23E49488900F0E9F9002000F0DAF9CB
:10649000002000F0D7F9101200F0D4F9D0B200F0CB
:1064A000D1F916E03549488900F0D8F9101200F00A
:1064B000C9F9D0B200F0C6F930490988491EC1F3C4
:1064C0000F2000F0BFF92D490978491EC8B200F02D
:1064D000B9F92A49888900F0C1F9201200F0B2F90F
:1064E000E0B200F0AFF925494988491EC1F30F20F9
:1064F00000F0A8F921498978491EC8B200F0A2F934
:106500003AE01E48808845F21051884220D11B494C
:10651000488900F0A3F9101200F094F9174949894D
:10652000491C88B200F09AF9D0B200F08BF91349F7
:10653000888900F093F9201200F084F90F498989C5
:10654000491C88B200F08AF9E0B200F07BF913E050
:106550000A49488900F082F9101200F073F9D0B2AC
:1065600000F070F90549888900F078F9201200F0F0
:1065700069F9E0B200F066F910BD00007801002072
:106580002DE9FC4F80460E4615461C46B3460020BA
:10659000019000902046E31704EB5373DB10214673
:1065A0004FEAE47C04EB5C7C4FEAEC0CA4EBCC0CF3
:1065B000BCF1000F02D04FF0010C01E04FF0000CD5
:1065C0006344224604EBD27C4FEA6C0C03FB0CF3D1
:1065D000DBB20193A5F12000C5B20C2C06D0102C23
:1065E0000BD0182C0ED0202C18D112E005EB450052
:1065F0002D4901EB8000009012E02C4800EB0510C3
:1066000000900DE005EBC500294901EB80000090EA
:1066100006E0284800EB8510009001E0BDE8FC8F03
:1066200000BF00273AE0009810F807904FF0000AEA
:106630002EE009F0800028B1314640460C9AFCF764
:1066400073FF07E00B9828B91B48314602684046A3
:10665000FCF76AFF4FEA49604FEA1069701C86B286
:1066600016484088B04200DCD8E7A6EB0B00A042F9
:106670000AD15E4608F101001FFA80F80F48008831
:10668000404500DCCAE706E00AF1010000F0FF0A1D
:10669000BAF1080FCDDB00BF781CC7B20198874262
:1066A000C1DB00BFBAE70000946D00080872000863
:1066B000F8770008548500082000002078010020A9
:1066C0002DE9FC4F04460D4690469946DDE90C7ACB
:1066D0000B9E04F0FF0B08EB04001FFA80F809EB97
:1066E00005001FFA80F917E0444502DB5C46A81953
:1066F00085B24D4500DB15E00020CDE9000A3A786F
:10670000334629462046FFF73BFF304606EBD07163
:1067100004EB61018CB27F1C38787E2802DC38786B
:106720002028E1DA00BFBDE8FC8F2DE9FF4F85B0DE
:10673000064693461F46DDE91389129C002004900B
:10674000002550E0781B401EC1B20A20FFF752FD21
:10675000BBFBF0F00A21B0FBF1F201FB120A049836
:1067600060BB781EA84229DDBAF1000F24D108F0E1
:10677000800080B108F0010004EBD471491001FBE6
:106780000561CDE90009039488B2234630220699B9
:10679000FFF7F6FE0FE008F0010004EBD47149109A
:1067A00001FB0561CDE90009039488B2234620224C
:1067B0000699FFF7E5FE14E00120049008F00100BF
:1067C00004EBD471491001FB0561CDE90009039484
:1067D00088B20AF13001CAB223460699FFF7D0FE0B
:1067E00000BF681CC5B2BD42ACDB09B0BDE8F08F8C
:1067F0002DE9F0470446BE2000F030F8052000F0F7
:1068000021F82046F9F74FFE07464FF066320C4B51
:10681000F9F763FD0546F9F753FE1FFA80F948467C
:1068200000F010F8012000F00DF8FF2000F00AF849
:10683000002000F007F8002000F004F8BDE8F08721
:106840006666044001B5BDF800000090BDF8000088
:106850000149088008BD00000008006C01B5BDF8C2
:1068600000000090BDF800000149088008BD00004C
:10687000FE07006C0248008902490880704700004A
:1068800078010020FE07006C024A1080921C1180E3
:1068900070470000FE07006C00B585B000BF00BF68
:1068A0001E48806940F008001C49886108468069DC
:1068B00000F00800009000BF00BF00BF00BF00BF95
:1068C0000846806940F0400088610846806900F011
:1068D0004000009000BF00BF00BF202001900120B9
:1068E000029003900320049001A90D48FAF7F4FCEC
:1068F0002020019001A90B48FAF7EEFC00BF01220D
:1069000020210748FAF79AFE00BF00BF012220218C
:106910000448FAF793FE00BF05B000BD0010024026
:10692000000C0140001801408EB0002600200A90A3
:106930000B900890099000BF0024002705200790C5
:1069400019254FF0000A4FF0000B00200690FAF7CF
:106950008DFE4FF4E01000F0C1F94820FCF7C0FABA
:106960004FF4E13000F0EEF9FFF796FFFFF708FA79
:10697000FCF724FAFCF75CFCFCF73CFA71E1002020
:10698000FCF7B2FC0446022C0ED13220FCF7AEFA22
:10699000022C09D1B348007880F00100B149087099
:1069A0004FF6FF70FCF7F0FCAE48007801287CD170
:1069B0004FF47840ACA118221023CDE900210290B9
:1069C000C82232211E20FFF77BFE4FF47840A8A199
:1069D00018221023CDE900210290C82246211E2052
:1069E000FFF76EFE1F20A6A118221023CDE900217B
:1069F0000290C82282211E20FFF762FE0A21012098
:106A0000FCF7C6F90D900D98F9F748FD0190F9F7DC
:106A100070FD4FF066329D4BCDE90201F9F75DFC48
:106A2000CDE90401F9F778FD81464846F9F761FDA3
:106A300002460B46CDE9000100209549F9F7BFFC5D
:106A40000022944BCDE90201F9F741FCCDE90401A4
:106A5000F9F736FD80464046F9F790FF0C908EA07E
:106A60000C99FBF7EBFE8EA10AA80C9AFBF7F6FE39
:106A7000B0B205220AA9FCF7FCF9761D1F200021FF
:106A800018220423CDE90021029082218C200C9A47
:106A9000FFF74BFE00BF20218248FAF7C5FD00BF7B
:106AA000C820FCF723FADCE0FFE76E4800780028F6
:106AB000F9D14FF478406CA118221023CDE90021C0
:106AC0000290C82232211E20FFF7FAFD4FF47840D1
:106AD00075A118221023CDE900210290C822462179
:106AE0001E20FFF7EDFD1F2074A118221023CDE911
:106AF00000210290C8225A211E20FFF7E1FD1F202D
:106B000071A118221023CDE900210290C82278211A
:106B10009620FFF7D5FD1F206CA118221023CDE988
:106B200000210290C82278216420FFF7C9FD1F20B0
:106B300067A118221023CDE900210290C8227821F4
:106B40003C20FFF7BDFD1F2062A118221023CDE9D4
:106B500000210290C82278210020FFF7B1FD52E009
:106B6000B8B2052208A9FCF749F91F2008A9182284
:106B7000CDE90021029005F1960081B21023C822D0
:106B80009620FFF79DFDF01B192190FBF1FA3C20A8
:106B90009AFBF0F03C2190FBF1F201FB120B3C2040
:106BA0009BFBF0F090FBF1F201FB120006901F201E
:106BB00000211822CDE90021029005F1960081B252
:106BC000042352465020FFF7B0FD1F200021182259
:106BD000CDE90021029005F1960081B204235A46C6
:106BE0003220FFF7A2FD1F2000211822CDE900214D
:106BF000029005F1960081B204230020069AFFF767
:106C000094FD19357F1D0798411E07910028A7D1D3
:106C10000520079019251FE00020FCF765FB0446BE
:106C2000022C11D13220FCF761F9022C14D10D484D
:106C3000007880F001000B4908704FF6FF70FCF7F8
:106C4000A3FB1925002707E0012C05D13220FCF712
:106C50004DF9012C00D103E0024800780028DBD078
:106C600000BF8CE62500002053544D333200000055
:106C70004C55585F53484F575F50414745000000FF
:106C80004C55585F4E4F57203D00000066664A3F06
:106C9000001DE0400088C3402568640D0A00000024
:106CA00025640000000C01404D454D4F52595F5284
:106CB0004541445F50414745000000004C55585F36
:106CC000484953544F5259004C55580053454300BE
:106CD0004D494E00484F55520000000030B58FB06E
:106CE00005460124282105A8F9F745FA142168462C
:106CF000F9F741FA01200590000406900020079062
:106D000002200C90C1030D910E9505A8FAF7B4FF6F
:106D100004460CB100BFFEE70F2000900220019056
:106D2000002002904FF48060039000200490022124
:106D30006846FAF76BFE04460CB100BFFEE70FB0E1
:106D400030BD000010B5044609480A4908600846ED
:106D5000446000218160C160016181610C21416159
:106D6000FBF7FEFA012204490248FBF78DFB10BD38
:106D700000380140F00000200E000020000000005C
:106D800000000000010203040607080900000000DB
:106D900001020304000000000000000000000000E9
:106DA000000000003F400000000000000000300034
:106DB000400030004000000009000BC03D000BC047
:106DC0003D00090018C024407FE0224031800000CF
:106DD000180024C01B000D803240018003801C403D
:106DE00027401C80074000401000600000000000A9
:106DF000000000000000000000001F802040402034
:106E00000000402020401F80000000000900060014
:106E10001F80060009000000040004003F800400F9
:106E200004000000001000600000000000000000EE
:106E300004000400040004000400000000000040FE
:106E40000000000000000000002001C00600380023
:106E5000400000001F802040204020401F80000094
:106E6000000010403FC000400000000018C021405A
:106E7000224024401840000010802040244024403C
:106E80001B80000002000D0011003FC00140000007
:106E90003C80244024402440238000001F80244064
:106EA00024403440038000003000200027C0380018
:106EB000200000001B802440244024401B80000050
:106EC0001C0022C0224022401F8000000000000061
:106ED0000840000000000000000000000460000006
:106EE00000000000000004000A0011002080404063
:106EF00009000900090009000900000000004040E5
:106F0000208011000A000400180020002340240003
:106F1000180000001F802040274029401F4000002B
:106F2000004007C039000F0001C0004020403FC0B2
:106F3000244024401B8000001F802040204020402F
:106F40003080000020403FC0204020401F800000D3
:106F500020403FC024402E4030C0000020403FC0B1
:106F600024402E00300000000F00108020402240FE
:106F70003380020020403FC0040004003FC0204096
:106F8000204020403FC020402040000000602020E2
:106F900020203FC02000200020403FC024400B00A4
:106FA00030C0204020403FC020400040004000C092
:106FB0003FC03C0003C03C003FC0000020403FC039
:106FC0000C4023003FC020001F8020402040204074
:106FD0001F80000020403FC0244024001800000013
:106FE0001F802140214020E01FA0000020403FC022
:106FF0002440260019C0004018C0244024402240EC
:1070000031800000300020403FC0204030000000B0
:1070100020003F80004000403F80200020003E00D4
:1070200001C0070038002000380007C03C0007C03E
:1070300038000000204039C0060039C02040000060
:107040002000384007C0384020000000304021C0F8
:107050002640384020C00000000000007FE04020B3
:1070600040200000000070000C0003800040000081
:107070000000402040207FE00000000000002000D1
:107080004000200000000000001000100010001060
:107090000010001000000000400000000000000090
:1070A000000002800540054003C0004020003FC0B2
:1070B00004400440038000000000038004400440BA
:1070C0000640000000000380044024403FC0004010
:1070D000000003800540054003400000000004401C
:1070E0001FC0244024402000000002E0055005504D
:1070F0000650042020403FC00440040003C000406C
:107100000000044027C000400000000000100010F4
:10711000041027E00000000020403FC001400700AD
:1071200004C00440204020403FC000400040000018
:1071300007C0040007C0040003C00000044007C0EB
:107140000440040003C000400000038004400440E9
:1071500003800000041007F0045004400380000086
:10716000000003800440045007F00010044007C0F2
:1071700002400400040000000000064005400540F5
:1071800004C00000000004001F8004400040000014
:10719000040007800040044007C0004004000700CE
:1071A00004C0018006000400060001C0070001C001
:1071B00006000000044006C0010006C004400000B4
:1071C0000410071004E001800600040000000440E1
:1071D00005C00640044000000000000004007BE001
:1071E00040200000000000000000FFF00000000050
:1071F000000040207BE00400000000004000800010
:1072000040002000200040000000000000000000BE
:1072100000000000000000000000000000001FCC83
:10722000000C0000000000000000080030006000BA
:107230000800300060000000022003FC1E20022035
:1072400003FC1E200220000000000E1811043FFF66
:1072500010840C78000000000F0010840F3800C06C
:10726000077818840078000000780F8410C4112477
:107270000E9800E400840008080068007000000018
:10728000000000000000000000000000000007E017
:1072900018182004400200000000400220041818C2
:1072A00007E00000000000000240024001800FF0F3
:1072B00001800240024000000080008000800FF842
:1072C00000800080008000000001000D000E000022
:1072D000000000000000000000000080008000802E
:1072E00000800080008000800000000C000C000086
:1072F0000000000000000000000000060018006010
:107300000180060018002000000007F008081004A3
:107310001004080807F000000000080408041FFC1F
:10732000000400040000000000000E0C10141024E3
:10733000104411840E0C000000000C1810041104FD
:10734000110412880C700000000000E003200424E7
:1073500008241FFC0024000000001F981084110462
:107360001104108810700000000007F00888110454
:10737000110418880070000000001C00100010FCB0
:1073800013001C001000000000000E38114410848F
:10739000108411440E38000000000700088C1044CF
:1073A0001044088807F00000000000000000030CF3
:1073B000030C0000000000000000000000010106B6
:1073C00000000000000000000000008001400220DA
:1073D00004100808100400000220022002200220ED
:1073E00002200220022000000000100408080410FF
:1073F000022001400080000000000E001200100C6E
:10740000106C10800F00000003E00C1813E414242B
:1074100017C4082807D000000004003C03C41C4027
:10742000074000E4001C000410041FFC11041104B8
:1074300011040E880070000003E00C181004100402
:10744000100410081C10000010041FFC100410048D
:107450001004080807F0000010041FFC11041104B8
:1074600017C410040818000010041FFC11041100B8
:1074700017C010000800000003E00C1810041004EE
:1074800010441C780040000010041FFC1084008091
:10749000008010841FFC10040000100410041FFC66
:1074A000100410040000000000030001100110018E
:1074B0001FFE10001000000010041FFC11040380C8
:1074C0001464181C1004000010041FFC10040004B5
:1074D00000040004000C000010041FFC1F0000FC4E
:1074E0001F001FFC1004000010041FFC0C0403000C
:1074F00000E010181FFC100007F00808100410042A
:107500001004080807F0000010041FFC108410800D
:10751000108010800F00000007F0081810241024BD
:10752000101C080A07F2000010041FFC11041100CF
:1075300011C011300E0C000400000E1C1104108448
:10754000108410441C3800001800100010041FFCA8
:10755000100410001800000010001FF810040004B0
:10756000000410041FF8100010001E0011E0001CA1
:10757000007013801C0010001FC0103C00E01F00B2
:1075800000E0103C1FC000001004180C163401C0AD
:1075900001C01634180C100410001C00130400FC69
:1075A00013041C00100000000804101C1064108458
:1075B00013041C04101800000000000000007FFEEF
:1075C0004002400240020000000030000C00038036
:1075D0000060001C00030000000040024002400266
:1075E0007FFE0000000000000000000020004000BE
:1075F00040004000200000000001000100010001E7
:1076000000010001000100010000400040002000D6
:107610000000000000000000000000980124014468
:107620000144014400FC000410001FFC0088010418
:107630000104008800700000000000700088010450
:1076400001040104008800000000007000880104AB
:10765000010411081FFC0004000000F8014401446B
:107660000144014400C800000000010401040FFCB3
:107670001104110411001800000000D6012901298D
:10768000012901C90106000010041FFC008401004B
:107690000100010400FC000400000104190419FCAD
:1076A00000040004000000000000000300010101CC
:1076B000190119FE0000000010041FFC0024004006
:1076C00001B4010C010400000000100410041FFCB0
:1076D0000004000400000000010401FC010401009A
:1076E00001FC0104010000FC010401FC0084010014
:1076F0000100010400FC0004000000F80104010482
:107700000104010400F80000010101FF00850104EB
:10771000010400880070000000000070008801046F
:107720000104010501FF00010104010401FC0084C2
:107730000104010001800000000000CC01240124AC
:10774000012401240198000000000100010007F855
:107750000104010400000000010001F8000400041D
:107760000004010801FC0004010001800170000C0C
:10777000001001600180010001F0010C003001C027
:107780000030010C01F0010000000104018C0074C4
:107790000170018C01040000010101810171000EE2
:1077A000001801600180010000000184010C013417
:1077B00001440184010C00000000000000000000F2
:1077C00001003EFC400240020000000000000000FA
:1077D000FFFF0000000000000000400240023EFCED
:1077E0000100000000000000000060008000800038
:1077F00040004000200020000000000000000000C9
:107800000000000000000000000000000000000078
:107810000000000000000000000000000000000068
:1078200000000000000000000000000F80380FFE84
:10783000380F803800000000000000000000000049
:107840000000000000000100000600000C000038ED
:1078500000003100000600000C000038000030007D
:10786000000000000000000061800067F807F98058
:107870000061800061800061800061800067F8071E
:10788000F98000618000000000000000000001C0DD
:10789000E003E0F00630080418081FFFFE040E089D
:1078A0000787F00381E000000000000001F00006FF
:1078B0000C00040408060C7001F9C0000E00003B27
:1078C000E000EC18070808040C180003E0000000B2
:1078D0000001E00007F003F818041C08041708076B
:1078E000E1D003C0E00023B0003C08002008000005
:1078F0001000000000000001000031000032000014
:107900001C0000000000000000000000000000005B
:107910000000000000000000000000000000000067
:1079200000000000000000007F0001FFC00780F0A1
:107930000C001810000420000200000000000020CD
:1079400000021000040C00180780F001FFC0007F47
:107950000000000000000000000000000000000027
:10796000000000004200006600006600003C0000CD
:10797000180003FFC0001800003C0000660000660D
:10798000000042000000000008000008000008009D
:1079900000080000080001FFC00008000008000007
:1079A00008000008000008000000000000010000BE
:1079B0003100003200001C00000000000000000048
:1079C00000000000000000000000000000000000B7
:1079D0000800000800000800000800000800000877
:1079E0000000080000080000080000080000000077
:1079F00000000000000000003800003800003800DF
:107A00000000000000000000000000000000000076
:107A10000000000000000000000600001C000070D4
:107A2000000180000E0000380000C0000700001CAC
:107A30000000300000000000000000007F8001FF17
:107A4000E00380700600180400080400080600180F
:107A500003807001FFE0007F800000000000000054
:107A6000000001000801000801000803FFF807FFFB
:107A7000F8000008000008000008000000000000F6
:107A800000000001C03802C0580400980401180426
:107A90000218040418061C1803F81801E0F8000086
:107AA0000000000000000001C0E003C0F004000876
:107AB00004080804080806180803F41801E7F00091
:107AC00001E0000000000000000000000300000DC5
:107AD0000000110000610000810803010807FFF8A1
:107AE0000FFFF8000108000108000000000000007E
:107AF00000E007FCD006080806100806100806106B
:107B000008061838060FF00607C000000000000045
:107B1000000000003F8001FFE003843002081804E9
:107B20001008041008041008071810030FF00007CD
:107B3000C000000000000000000003C000070000BB
:107B40000600000600F80607F806180006E0000721
:107B5000000006000000000000000001E1E003F763
:107B6000F0063410041808041808040C08040C0863
:107B700006161803F3F001C1E00000000000000049
:107B8000F80003FC3003063804020804020804026B
:107B9000080404100308F001FFC0007F000000008B
:107BA00000000000000000000000000000000000D5
:107BB00070380070380070380000000000000000CD
:107BC00000000000000000000000000000000000B5
:107BD00000000000301A00301C000000000000000F
:107BE000000000000000000000000000000000088D
:107BF00000001400002200004100008080010040CD
:107C0000020020040010080008000000000000002E
:107C1000210000210000210000210000210000219E
:107C200000002100002100002100002100000000D0
:107C300000000000000008000804001002002001FD
:107C40000040008080004100002200001400000875
:107C50000000000000000003C00004C00004000099
:107C6000080038080F380808380810000C300007E2
:107C7000E00003C000000000000000003F8000FFA3
:107C8000E0038070020F1006708804C08804830827
:107C9000047F8802C09003012000FE40000008001D
:107CA00000180001F8003E0801C20007020007E2C8
:107CB0000000FE00001FC80001F8000038000008A6
:107CC00004000807FFF807FFF80408080408080480
:107CD000080804080806180803F41801E7F0000172
:107CE000E0000000000000003F8001FFE003807022
:107CF000020018040008040008040008040010062C
:107D000000200780C000000004000807FFF807FFFC
:107D1000F804000804000804000804001802001019
:107D200003807001FFE0007F80000000040008076E
:107D3000FFF807FFF8040808040808040808040806
:107D400008043E0804000806001801006000000056
:107D500004000807FFF807FFF804080804080004F7
:107D60000800040800043E00060000060000018030
:107D700000000000000000003F8001FFE003807071
:107D80000600180400080402080402080203F007B1
:107D900083F000020000020004000807FFF807FF5C
:107DA000F8040808000800000800000800000800A7
:107DB00004080807FFF807FFF804000800000000A7
:107DC000000004000804000804000807FFF807FF8B
:107DD000F804000804000804000800000000000087
:107DE000000000000006000007000001040001047C
:107DF000000104000307FFFE07FFFC04000004006D
:107E00000004000004000807FFF807FFF8040C084E
:107E1000001800003E0004C7800503C80600F804EF
:107E2000003804001800000804000807FFF807FFE6
:107E3000F80400080000080000080000080000081E
:107E4000000008000018000060000000040008079F
:107E5000FFF807800807FC00007FC00003F8000758
:107E6000C000780007800807FFF807FFF804000843
:107E700004000807FFF807000803C00000E0000046
:107E80003800001E000007000001C00400F007FFDA
:107E9000F8040000000000007F8001FFE003807014
:107EA000060018040008040008060018030030014A
:107EB000FFE0007F8000000004000807FFF807FFD4
:107EC000F80404080404000404000404000404008A
:107ED000060C0003F80001F00000000000000000A4
:107EE0007F8001FFE00380700600880400880400A2
:107EF000C806003C03003E01FFE6007F840000004E
:107F000004000807FFF807FFF80408080408000445
:107F10000C00040F00040BC00610F003F03801E061
:107F20000800000800000001E0F803F030063010FF
:107F3000041808041808040C08040C0802061802A7
:107F400007F00781E0000000018000060000040047
:107F50000004000004000807FFF807FFF804000809
:107F60000400000400000600000180000400000777
:107F7000FFE007FFF0040018000008000008000000
:107F80000800000800000804001007FFE0040000DB
:107F900004000006000007E00007FE00041FE000E8
:107FA00001F80000380001E0043E0007C0000600B0
:107FB0000004000004000007E00007FFC0041FF8F1
:107FC0000007C007F80007FF80043FF80007C0045F
:107FD000F80007000004000000000004000806008C
:107FE0001807C07805F1C8003E00001F800463E850
:107FF0000780F806001804000800000004000006CE
:10800000000007800007E008047C08001FF8000754
:10801000F800180804E0080700000600000400004B
:108020000000000100080600380400F80403E8041A
:108030000F08047C0805F00807C0080700180400B2
:1080400060000000000000000000000000000000D0
:108050000000003FFFFE200002200002200002205E
:1080600000022000020000000000000000000800E4
:108070000007000000C0000038000006000001C03A
:1080800000003000000E00000100000000000000B1
:108090000000200002200002200002200002200038
:1080A000023FFFFE00000000000000000000000092
:1080B0000000000000000000000800001000003078
:1080C0000000200000300000100000080000000048
:1080D000000000000000010000010000010000019C
:1080E000000001000001000001000001000001008B
:1080F000000100000100000100000000000000007D
:10810000002000002000001000001000000000000F
:10811000000000000000000000000000000000005F
:1081200000F00019F8001B1800220800260800249F
:1081300008002410003FF8001FF800000800001895
:1081400000000004000007FFF80FFFF000181800FF
:108150001008002008002008003018001FF0000F51
:10816000C00000000000000007C0001FF000183031
:10817000002008002008002008003C08001C100017
:1081800000600000000000000000000007C0001FA9
:10819000F000381800200800200800200804101003
:1081A00007FFF80FFFF000001000000000000000C3
:1081B00000000007C0001FF000123000221800224B
:1081C00008002208003208001E10000E20000000E7
:1081D00000000000200000200800200801FFF80334
:1081E000FFF80620080420080420080720000300E8
:1081F0000000000000000000000E000E6E001FF3E3
:108200000031B10020B10020B1003191001F1300F6
:108210002E1E00200E00300000000004000807FFA2
:10822000F80FFFF8001008002000002000002008D0
:10823000003FF8001FF800000800000000000000E8
:108240000000002008002008002008063FF8063F34
:10825000F80000080000080000080000000000000E
:1082600000000000000000000300000300200100E7
:108270002001002003063FFE063FFC000000000036
:108280000000000000000004000807FFF80FFFF8DE
:10829000000188000300002FC00038F800203800DB
:1082A000200800000800000000000000000004009A
:1082B0000804000804000807FFF80FFFF800000892
:1082C0000000080000080000000000000020080076
:1082D0003FF8003FF8001008002000003FF8003F82
:1082E000F8001008002000003FF8003FF8000008E8
:1082F000000000002008003FF8003FF800100800D0
:108300001000002000002008003FF8001FF80000C7
:10831000080000000000000007C0000FF000183047
:108320000030080020080020080030080018300045
:108330000FF00007C0000000000000002001003F17
:10834000FF003FFF00101100200900200800200856
:10835000003038001FF0000FC000000000000000D7
:1083600007C0001FF0003818002008002008002077
:1083700009001011001FFF003FFF00000100000076
:10838000002008002008002008003FF8003FF80007
:10839000080800100800200800200000300000300D
:1083A00000000000000000000000000C78001E1813
:1083B00000330800230800210800218800219800CC
:1083C00030F00038600000000000000020000020B5
:1083D0000000200000FFF003FFF800200800200844
:1083E0000020080000300000000000000000000035
:1083F0002000003FF0007FF8000018000008000097
:1084000008002010003FF8007FF00000100000007E
:10841000000000002000003000003C00003F800011
:1084200023F0000078000070002380003C00003042
:1084300000002000002000003C00003FE00023F886
:108440000000E0002700003E00003FE00021F800AF
:1084500001E0003E00002000000000002008002095
:1084600008003838003E680027800003C8002CF858
:10847000003838002018002008000000000000002C
:108480002000003003003C01003F830023EC00008B
:1084900070002380003C000020000020000000004D
:1084A0000000000000000038080020380020F8001C
:1084B00023E8002F88003E0800380800201800003C
:1084C000700000000000000000000000000000003C
:1084D0000000000008000014001FF7FC3000062018
:1084E000000200000000000000000000000000008A
:1084F00000000000000000000000FFFFFF0000007F
:10850000000000000000000000000000000000006B
:1085100000002000023000061FF7FC0014000008D5
:10852000000000000000000000000000000000004B
:108530000000001800006000004000004000002023
:1085400000001000000800000400000400000C00FF
:10855000001000000000000000000000000000000B
:10856000000000000000000000000000000000000B
:1085700000000000000000000000000000000000FB
:1085800000000000000000000000000000000000EB
:1085900000000000000000000000000000000000DB
:1085A00000000000000000000000000007F000C014
:1085B00007FFE1E007F001E0000000C0000000005C
:1085C00000000000000000000000000000000000AB
:1085D000000000000000000000000000002000007B
:1085E00001C00000078000001F0000001E00000006
:1085F0001C20000001C00000078000001F000000D8
:108600001E0000001C000000000000000000000030
:10861000000000000000000000180C0000180C0012
:1086200000180FE0001FFC0003F80C0000180C00FD
:1086300000180C0000180C0000180C0000180FE0C7
:10864000001FFC0003F80C0000180C0000180C00C0
:108650000000000000000000000000000000078093
:10866000007807C000FC0640010E00200307002030
:10867000020380200FFFFFFC0201C0200200E06027
:108680000130704001F03F8000F01F00000000004A
:108690000000000000FE000001FF00000301800058
:1086A00002008060030181C001FF070000FE180086
:1086B0000000E0000003BF00000CFFC000718060FC
:1086C00001C10020030180600000FFC000003F00E6
:1086D0000000000000001F0000007FC000FCC0C0C0
:1086E00001FF80600303E0200202782002061E20C2
:1086F00003FC074001F00380000103C000011C607F
:108700000001E02000010020000100400000018085
:108710000000000000000000002000001C600000BD
:108720001C4000001F8000000F000000000000003F
:108730000000000000000000000000000000000039
:108740000000000000000000000000000000000029
:108750000000000000000000000000000000000019
:108760000000000000000000000000000000000009
:108770000007F800003FFF00007807C001C000E0DC
:10878000030000300400000808000004100000028C
:1087900000000000000000001000000208000004BB
:1087A000040000080300003001C000E0007807C0AA
:1087B000003FFF000007F80000000000000000007C
:1087C00000000000000000000000000000000000A9
:1087D000000000000000000000000000000C180075
:1087E000000E3800000E3800000630000003600064
:1087F0000061438000FFFF800061430000036000D0
:1088000000063000000E3800000E3800000C180082
:1088100000000000000000000000000000008000D8
:108820000000800000008000000080000000800048
:1088300000008000007FFF0000008000000080003A
:108840000000800000008000000080000000800028
:10885000000000000000000000000001000000E334
:10886000000000E2000000FC0000007800000000B2
:1088700000000000000000000000000000000000F8
:1088800000000000000000000000000000000000E8
:1088900000000000000000000000800000008000D8
:1088A00000008000000080000000800000008000C8
:1088B00000008000000080000000800000008000B8
:1088C00000008000000080000000800000008000A8
:1088D000000000000000000000000000000000C0D8
:1088E000000001E0000001E0000000C00000000006
:1088F0000000000000000000000000000000000078
:108900000000000000000000000000000000000067
:1089100000000000000000000000000C0000003813
:10892000000000E00000038000000E00000038009E
:108930000000E00000038000000E0000003800008E
:1089400000E00000038000000E000000180000009E
:10895000000000000000000000000000000FF80010
:10896000007FFF0000F00780018000C0030000606E
:10897000020000200200002002000020030000602E
:10898000018000C000E00380007FFF00000FF800BE
:1089900000000000000000000000000000000000D7
:1089A0000080002000800020008000200080006007
:1089B00001FFFFE003FFFFE0000000600000002077
:1089C0000000002000000020000000000000000067
:1089D000000000000000000000000000007800E03F
:1089E000009801600100026002000460020008605B
:1089F00002001060020020600200406003008060FE
:108A00000183006001FE00E0007C078000000000A0
:108A100000000000000000000000000000F00780DF
:108A200001F007C001000040020000200201002008
:108A30000201002002010020030380200186804003
:108A400001FCC0C000787F8000001E000000000014
:108A500000000000000000000000080000003800D6
:108A6000000048000001880000060800000C081003
:108A7000003008100040081001FFFFF003FFFFF076
:108A800003FFFFF0000008100000081000000810AD
:108A9000000000000000000000000000000007804F
:108AA000001F864003E10020030200200304002091
:108AB00003040020030400200304002003060040F8
:108AC000030301C00301FF8003007E0000000000DB
:108AD0000000000000000000000000000007FC0093
:108AE000003FFF000070C380008180C00101006072
:108AF00003020020020200200202002002020020E5
:108B00000203004001C180C000C0FF8000007E0061
:108B100000000000000000000000000000F0000065
:108B200003C000000380000003000000030007E012
:108B300003003FE00301C00003060000031800002B
:108B4000036000000380000003000000000000003C
:108B5000000000000000000000001F0000783F80BF
:108B600000FC60C0018EC04003078020020300208B
:108B700002018020020180200201C0200301E040A8
:108B8000018670C000FC3F8000781F0000000000DC
:108B90000000000000000000003F000000FF81C056
:108BA00001C0C1C00100602002002020020020207E
:108BB0000200202002002060020040C00100C180AD
:108BC00000C18F00007FFE00001FF00000000000C9
:108BD0000000000000000000000000000000000095
:108BE000000000000000000000000000000300C0C2
:108BF000000781E0000781E0000300C000000000E2
:108C00000000000000000000000000000000000064
:108C10000000000000000000000000000000000054
:108C200000000000000000000000000000060066D8
:108C300000060078000000000000000000000000B6
:108C40000000000000000000000000000000000024
:108C50000000000000000000000000000000800094
:108C60000001C0000003600000063000000C180086
:108C700000180C00003006000060030000C00180F6
:108C8000010000400200002004000010000000006D
:108C900000000000000000000004100000041000AC
:108CA0000004100000041000000410000004100074
:108CB0000004100000041000000410000004100064
:108CC0000004100000041000000410000004100054
:108CD0000000000000000000000000000400001080
:108CE000020000200100004000C00180006003007D
:108CF0000030060000180C00000C180000063000C0
:108D0000000360000001C0000000800000000000BF
:108D100000000000000000000000000000780000DB
:108D200001F800000238000002000000040000C04A
:108D3000040079E0040081E0040100C004030000A5
:108D4000020200000306000001FC000000F8000021
:108D50000000000000000000000FF800003FFE00CF
:108D60000070078000C000C00101F8400307FC202C
:108D7000021E04200230082002203020023FFC2086
:108D8000013F044001800CC000E03180001FC200A0
:108D9000000000000000002000000060000003E070
:108DA00000003E200003E020003E200003E0200001
:108DB0000380200007FC2000003FE0000003FE20AD
:108DC00000003FE0000001E0000000200000002063
:108DD000000000000000000002000020020000204F
:108DE00003FFFFE003FFFFE002010020020100207B
:108DF00002010020020100200201002003030020E4
:108E00000186806001FCC0C000F87F8000001F0068
:108E100000000000000000000007F800003FFF0015
:108E20000070078000C000C0010000400300002067
:108E300002000020020000200200002002000020AA
:108E400001000040018000C003C001800030060026
:108E500000000000000000000200002002000020CE
:108E600003FFFFE003FFFFE00200002002000020FC
:108E7000020000200200002003000060010000400A
:108E8000018000C000F00780007FFE00000FF800A6
:108E9000000000000000000002000020020000208E
:108EA00003FFFFE003FFFFE00201002002010020BA
:108EB00002010020020100200201002002038020A4
:108EC000020FE0200300006003C000E00060030028
:108ED000000000000000000002000020020000204E
:108EE00003FFFFE003FFFFE002010020020100207A
:108EF0000201000002010000020100000201000066
:108F000002038000030FE0000300000003C0000024
:108F100000600000000000000007F800003FFE00B5
:108F20000070078001C001C0010000400300002064
:108F3000020000200200002002000020010020208A
:108F40000100204003C03F8000303F80000020002F
:108F500000002000020000200200002003FFFFE0CC
:108F600003FFFFE00200802002008020000080005C
:108F700000008000000080000200802002008020AD
:108F800003FFFFE003FFFFE00200002002000020DB
:108F900000000000000000000000000000000000D1
:108FA0000200002002000020020000200200002039
:108FB00003FFFFE003FFFFE00200002002000020AB
:108FC000020000200200002000000000000000005D
:108FD00000000000000000000000000E0000000F74
:108FE0000000000F0000000102000001020000016B
:108FF000020000030200000603FFFFFC03FFFFF86E
:109000000200000002000000020000000200000058
:10901000000000000000000002000020020000200C
:1090200003FFFFE003FFFFE00200C0200201002079
:1090300000078000000FE0000030F80002603E20D2
:1090400003800F20030003E0020000E00200002084
:1090500000000020000000000200002002000020AC
:1090600003FFFFE003FFFFE00200002002000020FA
:109070000000002000000020000000200000002070
:109080000000002000000060000000E0000003007D
:1090900000000000020000200200002003FFFFE0AB
:1090A00003E0002003FF0020001FF0000001FF800C
:1090B00000000FE000001E000003E000003E002062
:1090C00003E0002003FFFFE003FFFFE002000020B9
:1090D00002000020020000200200002003FFFFE049
:1090E0000380002003F0002000FC0000001F0000AF
:1090F0000007C0000001F00000007C0002001F809B
:10910000020007E003FFFFE0020000000200000091
:109110000000000000000000000FF800003FFE000B
:1091200000F00780018000C0010000400200002024
:109130000200002002000020020000200100004088
:10914000018000C000F00380003FFE00000FF80027
:1091500000000000000000000200002002000020CB
:1091600003FFFFE003FFFFE00200802002008020F9
:1091700002008000020080000200800002008000E7
:10918000030180000183000000FE0000007C00005D
:109190000000000000000000000FF800007FFF004A
:1091A00000F00380018001C001000640020004209D
:1091B0000200042002000620020003E0010000F883
:1091C0000180005C00E0038C003FFF0C000FFC18E6
:1091D000000000000000000002000020020000204B
:1091E00003FFFFE003FFFFE0020100200201002077
:1091F000020180000201E0000201FC0003033F8045
:10920000018607E001FC00E000F8002000000020DB
:1092100000000000000000000000000000780600D0
:1092200000FE01E0018600C00303004002030020AD
:1092300002018020020180200201C0200200C02023
:109240000100E060018070C003E03F8000001F006B
:10925000000000000000000000600000038000002B
:1092600003000000020000000200002002000020B5
:1092700003FFFFE003FFFFE00200002002000020E8
:1092800002000000020000000380000000E0000077
:1092900000000000020000000200000003FFFF00C9
:1092A00003FFFFC002000040020000600000002039
:1092B000000000200000002000000020020000400C
:1092C0000200008003FFFF00020000000200000017
:1092D000000000000000000002000000020000008A
:1092E00003C0000003FC0000023FC0000003F800C0
:1092F00000007F80000007E0000007800000780089
:109300000203C000023C000003C000000200000095
:10931000020000000200000003C0000003FF800004
:10932000023FFE0002007FE000000F000200F0009C
:1093300003EF000003FF8000020FFE0000003FE08B
:1093400000001F000207E00003F800000300000017
:1093500002000000000000000200002002000020C7
:10936000038000E003F0032002FC0C20021F300009
:109370000007C0000007F00002187C0002601F20F8
:10938000038003E0020000E0020000200000002053
:1093900000000000000000000200000003000000C8
:1093A00003C0000003F80000023E0020020FC020AE
:1093B0000001FFE000007FE000038020021C00208D
:1093C00002700000038000000200000002000000A4
:1093D000000000000000000000000020006000E02D
:1093E000038003E003000FA002003E200200F820EB
:1093F0000203E020020F8020023E002002780020BD
:1094000003E00060038000E00200030000000000B1
:10941000000000000000000000000000000000004C
:109420000000000000000000000000001FFFFFFC23
:1094300010000004100000041000000410000004DC
:1094400010000004100000041000000400000000E0
:10945000000000000000000000000000000000000C
:109460000700000003C0000000780000001E00009C
:109470000003C0000000F00000001E000000078094
:10948000000000F00000003C0000000600000000AA
:1094900000000000000000000000000010000004B8
:1094A000100000041000000410000004100000046C
:1094B00010000004100000041FFFFFFC000000006B
:1094C000000000000000000000000000000000009C
:1094D000000000000000000000000000000000008C
:1094E000000000000200000004000000080000006E
:1094F0001800000010000000180000001800000014
:109500000400000002000000000000000000000055
:109510000000000000000001000000010000000148
:109520000000000100000001000000010000000137
:109530000000000100000001000000010000000127
:109540000000000100000001000000010000000117
:10955000000000010000000000000000000000000A
:1095600010000000100000001000000018000000B3
:1095700008000000040000000000000000000000DF
:1095800000000000000000000000000000000000DB
:1095900000000000000000000000038000018FC0F8
:1095A00000038C6000061820000410200004102026
:1095B0000004202000042040000620400003FFC0DB
:1095C0000001FFE00000002000000020000000C0BB
:1095D0000000000000000000020000000200000087
:1095E00003FFFFE007FFFFC0000180C00002006032
:1095F00000020020000400200004002000040020DD
:1096000000060040000300C00001FF800000FE00D3
:1096100000000000000000000000000000007E00CC
:109620000001FF80000381C000020040000600200E
:109630000004002000040020000400200006002098
:109640000003C0400001C0800000030000000000D3
:1096500000000000000000000000000000007E008C
:109660000001FF80000380C00006006000040020AD
:1096700000040020000400200204004002020080D8
:1096800003FFFFE007FFFFC00000004000000040B4
:1096900000000000000000000000000000007E004C
:1096A0000001FF80000311C00002104000041060A0
:1096B00000041020000410200004102000061020D8
:1096C000000310400001F0C0000071000000000025
:1096D0000000000000000000000000000004000086
:1096E000000400200004002000040020007FFFE0B0
:1096F00001FFFFE001040020030400200204002019
:1097000002040020020400000200000001C000006A
:1097100001C0000000000000000000000000001C6C
:109720000000E33E0003FFC200020CC3000404C1BA
:10973000000404C1000404C1000404C100060CC1FB
:109740000003F8C30005F0620006007E0006003C3E
:1097500000000000000000000200002002000020C5
:1097600003FFFFE007FFFFE00001002000020020F0
:1097700000060000000400000004000000040020B7
:10978000000600200003FFE00001FFE000000020D1
:1097900000000020000000000000000000000000A9
:1097A0000004002000040020000400200004002029
:1097B0000387FFE0038FFFE003800020000000200C
:1097C0000000002000000020000000000000000059
:1097D0000000000000000000000000000000000089
:1097E000000000060000000700000001000000016A
:1097F000000400010004000100040003000400064E
:109800000387FFFC038FFFF80380000000000000C7
:109810000000000000000000020000200200002004
:1098200003FFFFE007FFFFE000000820000010201A
:10983000000030000000FC0000058E00000707A0BB
:10984000000601E0000400E0000400200000002009
:109850000000000000000000000000000000000008
:109860000200002002000020020000200200002070
:1098700003FFFFE007FFFFE00000002000000020E2
:109880000000002000000020000000000000000098
:109890000000000000000000000400200007FFE0BE
:1098A000000FFFE000020020000400000004002080
:1098B0000007FFE00003FFE00002002000040000BA
:1098C000000400200007FFE00003FFE0000000208C
:1098D0000000000000000000000400200004002040
:1098E0000007FFE0000FFFE0000100200002002061
:1098F000000200000004000000040000000400203A
:10990000000600200003FFE00001FFE0000000204F
:1099100000000020000000000000000000007E00A9
:109920000000FF80000381C000020040000600200C
:109930000004002000040020000400200006002095
:1099400000020040000381C00001FF8000007E0093
:1099500000000000000000000004000100040001FD
:109960000007FFFF000FFFFF000100C100020041E0
:109970000004002000040020000400200004002057
:1099800000060040000301C00001FF8000007E00CF
:1099900000000000000000000000000000007E0049
:1099A0000001FF80000380C000020060000400206E
:1099B00000040020000400200004002000020041F8
:1099C000000300C10003FFFF0007FFFF00000001CC
:1099D000000000010000000000040020000400203E
:1099E0000004002000040020000FFFE0000FFFE053
:1099F0000000C0200001002000020020000600201E
:109A00000004000000040000000700000003000044
:109A1000000000000000000000000000000003E063
:109A20000001C0E00003E0400006302000043020C8
:109A300000041820000418200004182000040C2042
:109A400000020C60000307C00007838000000000D4
:109A50000000000000000000000000000004000002
:109A60000004000000040000000C0000001FFF8044
:109A700000FFFFC00004006000040020000400207C
:109A800000040020000400400000018000000000ED
:109A900000000000000000000004000000040000BE
:109AA0000007FF80000FFFC00000006000000020E2
:109AB0000000002000000020000000200004004002
:109AC000000400800007FFE0000FFFC0000000401E
:109AD000000000400000000000040000000400003E
:109AE000000780000007F0000004FE0000041FC013
:109AF000000003E00000038000001C000004600080
:109B000000078000000600000004000000000000C4
:109B10000000000000040000000600000007C00074
:109B20000007FC0000043F80000003E000040F80F9
:109B30000006F0000007F0000007FF8000040FE0BF
:109B40000000038000043C000007C0000006000085
:109B500000040000000000000000002000040020BD
:109B600000040060000700E0000783200007E60013
:109B70000004F80000003C0000045E20000587A0FF
:109B8000000601E000040060000400200000002046
:109B900000000000000000000004000000040003BA
:109BA000000700030007E0010004F80100041F02A1
:109BB000000007FC000000E000000700000438007F
:109BC0000007C000000600000004000000040000C0
:109BD000000000000000000000000000000780609E
:109BE000000600E0000403E0000407A000040E20CB
:109BF00000043C20000470200005E02000078020C5
:109C000000070060000400E0000003800000000086
:109C10000000000000000000000000000000000044
:109C20000000000000000000000000000000000034
:109C300000008000000080000001400007FE3FF8A7
:109C400008000004100000021000000200000000E4
:109C50000000000000000000000000000000000004
:109C600000000000000000000000000000000000F4
:109C700000000000FFFFFFFF0000000000000000E8
:109C800000000000000000000000000000000000D4
:109C900000000000000000000000000010000002B2
:109CA000100000020800000407FE3FF80001400019
:109CB00000008000000080000000000000000000A4
:109CC0000000000000000000000000000000000094
:109CD000000000000000000018000000300000003C
:109CE0004000000040000000400000002000000094
:109CF0003000000008000000040000000200000026
:109D000002000000020000000C000000180000002B
:109D100000000000409C0100EE660200A05003001D
:109D2000D0430400423B05001635060066300700AC
:109D3000A62C08009A29090006270A00E0240B0037
:109D4000F6220C0052210D00E01F0E00961E0F009F
:109D50006A1D10005C1C1100621B1200861A1300A1
:109D6000B4191400F618150042181600A2171700AF
:109D70000C17180076161900F4151A0072151B003E
:109D8000FA141C008C141D0028141E00BA131F00A6
:109D90006013200006132100AC1222005C12230085
:109DA0000C122400BC11250076112600301127006A
:109DB000EA102800AE10290072102A0036102B007D
:109DC000FA0F2C00C80F2D008C0F2E005A0F2F00F9
:109DD000280F3000000F3100CE0E32009C0E3300F1
:109DE000740E34004C0E3500240E3600FC0D370086
:109DF000D40D3800AC0D3900840D3A00660D3B00DF
:109E00003E0D3C00200D3D00020D3E00E40C3F00E5
:109E1000C60C40009E0C41008A0C42006C0C4300B2
:109E20004E0C4400300C4500120C4600FE0B47005F
:109E3000E00B4800CC0B4900AE0B4A009A0B4B00DC
:109E40007C0B4C00680B4D00540B4E00400B4F0038
:109E5000220B50000E0B5100FA0A5200E60A530082
:109E6000D20A5400BE0A5500AA0A5600960A5700A4
:109E7000820A5800780A5900640A5A00500A5B00A6
:109E80003C0A5C00320A5D001E0A5E000A0A5F009E
:109E9000000A6000EC096100E2096200CE0963007B
:109EA000BA096400B00965009C0966009209670060
:109EB00088096800740969006A096A0056096B001C
:109EC0004C096C0042096D0038096E0024096F00CE
:109ED0001A09700010097100FC087200F208730082
:109EE000E8087400DE087500D4087600CA08770018
:109EF000B6087800AC087900A2087A0098087B00C0
:109F00008E087C0084087D007A087E0070087F003F
:109F1000660880005C0881005208820048088300BF
:109F20003E088400340885002A088600200887003F
:109F3000160888000C08890002088A00F8078B00C0
:109F4000EE078D00E4078E00DA078F00D00790003F
:109F5000C6079100BC079300B2079400A8079500BC
:109F60009E079600940798008A07990080079A0038
:109F700076079B006C079D0062079E005807A000B3
:109F80004E07A1004407A2003A07A4003007A5002D
:109F90002607A7001C07A8001207AA000807AB00A5
:109FA000FE06AD00F406AF00EA06B000E006B2001F
:109FB000D606B400CC06B500C206B700B806B90094
:109FC000AE06BB00A406BC009A06BE009006C00008
:109FD0008606C2007C06C4007206C6006806C80079
:109FE0005E06CA005406CC004A06CE004006D000E9
:109FF0003606D2002C06D4002206D7001806D90057
:10A000000E06DB000406DE00FA05E000F005E200C3
:10A01000E605E500DC05E700D205EA00C805ED002D
:10A02000BE05EF00B405F200AA05F500A005F80092
:10A030009605FA008C05FD008205000178050301F4
:10A040006E05060164050A015A050D01500510014F
:10A05000460513013C05170132051A0128051E01AA
:10A060001E052101140525010A05290100052C0101
:10A07000F6043001EC043401E2043801D8043D0157
:10A08000CE044101C4044501BA044A01B0044E01A2
:10A09000A60453019C04580192045C0188046101E8
:10A0A0007E04660174046C016A0471016004760127
:10A0B00056047C014C0482014204870138048D015E
:10A0C0002E04930124049A011A04A0011004A7018C
:10A0D0000604AE01FC03B401F203BC01E803C301B2
:10A0E000DE03CA01D403D201CA03DA01C003E201CC
:10A0F000B603EB01AC03F301A203FC0198030502D4
:10A100008E030E02840318027A03220270032C02CB
:10A11000660337025C03420252034D0248035802B1
:10A120003E036402340371022A037D0220038A0283
:10A13000160398020C03A6020203B402F802C3023B
:10A14000EE02D302E402E302DA02F402D0020503D3
:10A15000C6021703BC022903B2023D03A802510341
:10A160009E02650394027B038A0292038002A90384
:10A170007602C1036C02DB0398A1000800000020F6
:10A1800028000000BC280008C0A10008280000200A
:10A1900090050000CC2800080024F4000000000016
:10A1A000000000000000000000000000100000009F
:10A1B0000100000000F80000FFFF000001010100A5
:0400000508000131BD
:00000001FF
